country_id,movies_id
0,80156857
1,80156857
0,80057969
1,80057969
0,80131236
1,80131236
0,80044536
1,80044536
0,80156763
1,80156763
0,80198508
1,80198508
0,80123741
1,80123741
0,81079046
1,81079046
0,80063290
1,80063290
0,81004099
1,81004099
0,81016857
1,81016857
0,81005312
1,81005312
0,80011026
1,80011026
0,80171678
1,80171678
0,80046728
1,80046728
0,80987464
1,80987464
0,80018296
1,80018296
0,80999643
1,80999643
0,80156856
1,80156856
0,70302836
1,70302836
0,81188871
1,81188871
0,80992365
1,80992365
0,80046144
1,80046144
0,80156683
1,80156683
2,80175945
2,70242311
2,80106440
2,70091304
2,70266023
2,70265211
2,60027945
2,80134431
2,80193491
2,81214114
2,81061407
2,80176715
2,80134893
2,80133552
2,80990532
2,70023451
2,80216124
2,80161628
2,80220758
2,70044693
2,60003155
2,60000577
2,70229037
2,80097431
2,80194813
2,80158515
2,80185166
2,70267834
2,80191051
2,70174733
2,80161728
2,81145273
2,80106754
2,80172468
2,80998967
2,80242446
2,70210484
2,80211991
2,80988048
2,70206819
2,80240027
2,81164603
2,80025601
2,80057565
2,80077402
2,80091741
2,80179556
2,80115338
2,80144983
2,80198046
2,80024103
2,80026032
2,80117557
2,80092404
2,81024332
2,80224060
2,70305883
2,80184379
2,70301469
2,80119125
2,80218104
2,80135585
2,81214214
2,81103092
2,70045274
2,80001101
2,70118779
2,80198056
2,880640
2,80108996
2,70299867
2,70158331
2,80201933
2,80048200
2,60031404
2,352989
2,80988815
2,80214777
2,80104116
2,80027042
2,70199239
2,80082242
2,60004083
2,80049870
2,80167491
2,80117452
2,70241791
2,81024500
2,80037478
2,81002747
2,80117694
2,80994011
2,80199689
2,81183570
2,80097725
2,80171022
2,80005501
2,80125979
2,70285581
2,80011539
2,70044256
2,81034741
2,80002311
2,70286355
2,80020036
2,80236099
2,846071
2,80179900
2,70020750
2,80177406
2,80089198
2,81020868
2,70279656
2,81025946
2,70028197
2,80216664
2,70058019
2,80160037
2,80024113
2,81094271
2,80065492
2,70176656
2,81002876
2,70143860
2,80191081
2,80117443
2,70165189
2,80188580
2,81020839
2,60021788
2,81152923
2,70213083
2,80225949
2,80195807
2,510854
2,81026478
2,80126646
2,70083809
2,60022058
2,80236356
2,70060005
2,70269479
2,81091977
2,80238020
2,60020891
2,80192018
2,80209895
2,80224606
2,80010655
2,80178726
2,81032375
2,80174144
2,60024161
2,81009829
2,81076042
2,80239337
2,70297962
2,80995737
2,70281526
2,80081754
2,81145277
2,80160346
2,81024100
2,80013283
2,80081337
2,80063265
2,70121008
2,70112732
2,80179371
2,80241410
2,70196145
2,81121173
2,80113144
2,81001887
2,81077539
2,80088507
2,80230402
2,70213085
2,81048914
2,80044950
2,80106793
2,80147529
2,80245353
2,80191109
2,80214478
2,80095649
2,80997719
2,70051671
2,80200549
2,80176878
2,70140358
2,70136152
2,80152434
2,80167628
2,80078197
2,80113641
2,18066997
2,60000393
2,80065220
2,81104634
2,80192577
2,70074100
2,70293622
2,80174897
2,80133554
2,70281312
2,70103759
2,80046779
2,80214582
2,542137
2,80011846
2,70084799
2,70262783
2,70302007
2,80116839
2,60021590
2,81135868
2,80175934
2,60024935
2,80189216
2,80125671
2,80132410
2,80169469
2,80189827
2,70087541
2,1065372
2,70157266
2,80044908
2,80117736
2,81092331
2,70206825
2,80105342
2,81078908
2,80134695
2,80088910
2,80095435
2,80142390
2,70198116
2,80241855
2,80213322
2,80013282
2,70181716
2,81088282
2,80124722
2,81088318
2,80186850
2,80190510
2,80220013
2,80198018
2,80171452
2,80221308
2,81016247
2,80169348
2,81136744
2,80145699
2,81103093
2,80032636
2,80104420
2,60001396
2,80990829
2,70242900
2,80174364
2,80182014
2,80190449
2,80104103
2,81002933
2,80191047
2,80196586
2,80216779
2,70082264
2,80987075
2,81218074
2,80161851
2,506464
2,81083891
2,70129374
2,60020948
2,70026432
2,81094391
2,607931
2,80023667
2,70253171
2,80049873
2,1151721
2,80134721
2,80174177
2,70295176
2,80221447
2,80145533
2,70173046
2,81003736
2,80192734
2,80133553
2,80184868
2,80117240
2,80049979
2,81013657
2,80190588
2,80053140
2,80208910
2,70206818
2,80242926
2,80144803
2,81121175
2,60020745
2,80174429
2,70105338
2,80058248
2,80168079
2,80190840
2,80106979
2,80064521
2,80018869
2,80167459
2,81028556
2,70077557
2,80190844
2,80237311
2,81053958
2,80201866
2,80025744
2,70301023
2,80142058
2,81121178
2,80192842
2,70001777
2,70243445
2,80192834
2,81034599
2,80039394
2,70066433
2,80032178
2,80079470
2,70053456
2,80242378
2,80103372
2,70124965
2,80059446
2,81152930
2,80219127
2,80103383
2,70155618
2,81022003
2,80128689
2,80176771
2,80185876
2,70157152
2,60028294
2,80127604
2,80004286
2,80197989
2,60027695
2,80085438
2,80173002
2,70202141
2,21028726
2,60001650
2,80179394
2,81173792
2,80144145
2,80121349
2,80217475
2,80211576
2,70295415
2,80021840
2,70242063
2,80244853
2,60033787
2,80151370
2,80002667
2,70117289
2,80999781
2,80172000
2,81121179
2,81146370
2,80115464
2,60027726
2,80198730
2,80173925
2,80210294
2,70003046
2,80106504
2,60002403
2,80117747
2,81019341
2,60027716
2,80216820
2,80139506
2,70117297
2,80213654
2,70202579
2,70142827
2,81121184
2,80201750
2,60022502
2,80161497
2,60000440
2,70143811
2,70109657
2,60031284
2,684847
2,80179782
2,80119193
2,81006334
2,80989337
2,80104198
2,80095532
2,81183624
2,80057918
2,70122722
2,81036199
2,80108616
2,80049714
2,70143831
2,1178866
2,80038335
2,80209751
2,80156212
2,80039517
2,80225034
2,81034771
2,80168234
2,80216543
2,70290909
2,60023597
2,81140577
2,70167072
2,80197462
2,60000409
2,80239642
2,17672040
2,80209153
2,70184207
2,70129457
2,60023618
2,80198137
2,80244627
2,80209609
2,80107087
2,673843
2,70113003
2,60002003
2,80238204
2,81019888
2,81025800
2,80152625
2,70044689
2,80066798
2,80151384
2,80082862
2,70304988
2,80116921
2,80175290
2,80118916
2,81065902
2,80238080
2,80177416
2,70202577
2,80087891
2,70136120
2,80104318
2,80134966
2,80174220
2,80236421
2,80245117
2,80220813
2,60029363
2,80227677
2,80079265
2,80039069
2,80115101
2,80201542
2,70120182
2,70153404
2,70290568
2,80148180
2,70241757
2,80191049
2,60020892
2,60010069
2,80113304
2,81028570
2,70058022
2,80991400
2,80146759
2,81023636
2,80000063
2,81092045
2,80134780
2,80024232
2,81064394
2,81060049
2,80119192
2,1181488
2,70222860
2,81122669
2,80117628
2,80174959
2,80223123
2,80193614
2,80036412
2,80092926
2,80077923
2,81011682
2,70140391
2,80119186
2,80184547
2,70283261
2,80041339
2,80190009
2,70305955
2,80151644
2,81121185
2,81000864
2,80130625
2,80203147
2,80066227
2,81045513
2,70280748
2,70157402
2,80222256
2,80049065
2,80091658
2,60035622
2,80989848
2,80184834
2,80097349
2,60026477
2,80115030
2,70084148
2,80065214
2,80107948
2,80156925
2,80072207
2,60033320
2,81094665
2,292118
2,80101096
2,81025309
2,80113669
2,80046696
2,70308063
2,81063129
2,80244973
2,80066080
2,80082014
2,80999729
2,80067617
2,80010778
2,80200015
2,80158319
2,81018860
2,80170187
2,80004478
2,80128688
2,81018563
2,81036542
2,70044705
2,70105599
2,81121189
2,81187847
2,80080109
2,80031800
2,80220676
2,80050008
2,80098839
2,80172937
2,80157072
2,80102549
2,80214583
2,80174687
2,80242619
2,80095094
2,80026506
2,81031355
2,80167821
2,81087761
2,70221569
2,60023638
2,80133311
2,80039655
2,80002621
2,80144588
2,60021377
2,80175147
2,80211563
2,80176756
2,80213655
2,17236920
2,80174902
2,60011649
2,80074503
2,80190146
2,709163
2,81060040
2,80988062
2,70294793
2,60027689
2,70308794
2,80177441
2,70109689
2,80022456
2,81141689
2,80239831
2,80191522
2,80045805
2,70117582
2,80161921
2,80004462
2,80097472
2,80115118
2,80119249
2,80216224
2,80220228
2,80081990
2,80192815
2,80191804
2,80226612
2,80168221
2,81004748
2,70294113
2,80156684
2,60022700
2,80058247
2,80073289
2,80185070
2,80172958
2,80192097
2,80117531
2,81016360
2,70122316
2,70281323
2,80184055
2,81050190
2,80175798
2,70128696
2,80117555
2,80216003
2,80108450
2,81029611
2,80237423
2,80189221
2,70259784
2,80158155
2,70267439
2,81060043
2,70105369
2,80095697
2,80227574
2,70143825
2,80235025
2,70251894
2,16914787
2,80095698
2,80087354
2,60001854
2,70109429
2,80219119
2,60001807
2,70044595
2,80205451
2,70155574
2,70259801
2,60033786
2,80192187
2,70308046
2,81003981
2,80059410
2,81076055
2,80239459
2,81014479
2,80196216
2,80232330
2,70100377
2,70278877
2,80117038
2,80059505
2,80998968
2,70142386
2,70270388
2,80096984
2,81076049
2,80153467
2,80059432
2,80237347
2,80173267
2,81215439
2,81121172
2,80183783
2,81147766
2,80201570
2,70058017
2,80144804
2,80024057
2,81214223
2,70242081
2,81047680
2,80108371
2,70108985
2,80080106
2,80199682
2,81050194
2,80145512
2,80091245
2,80128722
2,70304245
2,80011852
2,70026468
2,80178941
2,81048916
2,70100084
2,80002537
2,80206910
2,80127995
2,498716
2,80017171
2,80066079
2,70206823
2,70234439
2,80190407
2,80154682
2,60034549
2,80189630
2,80237329
2,80037691
2,80201906
2,70291114
2,80987458
2,70158330
2,70256512
2,80063740
2,18002692
2,80168231
2,80208662
2,70267728
2,80044126
2,80235999
2,70024098
2,80063705
2,80233925
2,80060297
2,70045919
2,81235603
2,70136122
2,80220761
2,80114501
2,80121348
2,80158854
2,80221584
2,81044103
2,80135414
2,81011449
2,80128317
2,404067
2,80027271
2,81153373
2,80201488
2,80101609
2,81021243
2,80189623
2,80239710
2,80195967
2,80160347
2,70229921
2,80186608
2,80005444
2,81088786
2,80179373
2,70143843
2,80016471
2,81045509
2,80134080
2,60033788
2,80087352
2,80119191
2,80115432
2,81041182
2,1192866
2,60033107
2,80100937
2,80117742
2,1150871
2,80244311
2,80058852
2,70167128
2,80095988
2,80158976
2,80997770
2,80102952
2,70125581
2,80214580
2,60026155
2,80217041
2,70233317
2,70303706
2,80002566
2,81146011
2,81192594
2,80171611
2,80135640
2,70074299
2,80097468
2,80179138
2,70021640
2,80185074
2,80091879
2,80060034
2,80049177
2,70113534
2,28631236
2,80213657
2,80994222
2,80118930
2,80211590
2,80144355
2,80992973
2,80146601
2,80210602
2,81037273
2,80170845
2,80231419
2,80238357
2,11819434
2,80098490
2,80107084
2,70117294
2,70298116
2,80198735
2,80201497
2,70197057
2,80210361
2,70221571
2,80174097
2,70279852
2,80164088
2,70283264
2,60001363
2,80198661
2,80147403
2,70167133
2,70260512
2,80184771
2,80099204
2,80195243
2,80217120
2,80190130
2,80197310
2,80092837
2,80131551
2,70105132
2,70299748
2,80057171
2,70143369
2,70174741
2,70169918
2,80168167
2,80065930
2,80112370
2,81121181
2,70209245
2,70105596
2,60024914
2,80020540
2,973861
2,80171965
2,80152091
2,80201833
2,80065182
2,80117748
2,60023608
2,60029032
2,70296733
2,80185321
2,26009364
2,80134967
2,81121188
2,81074663
2,80152003
2,81121187
2,70114342
2,70253398
2,70299904
2,70047101
2,80174608
2,80021955
2,80173542
2,80235472
2,80202176
2,81071972
2,80076581
2,70083108
2,80115857
2,60011552
2,80126485
2,80164864
2,80176076
2,80109260
2,80030186
2,81088285
2,80027159
2,70177633
2,80182115
2,484369
2,80221640
2,70041963
2,80114111
2,80208155
2,80211627
2,80018328
2,80216094
2,70105371
2,80213403
2,80100936
2,80188953
2,81078819
2,80217135
2,80045783
2,80207124
2,80098467
2,80170767
2,80038159
2,70136140
2,80099306
2,81050192
2,70299286
2,80128275
2,80184973
2,60021299
2,26597413
2,70143836
2,485218
2,80205978
2,60010082
2,80213588
2,70142362
2,22469949
2,70113006
2,80003149
2,80119234
2,80146284
2,70267830
2,80156772
2,80102204
2,81001090
2,60035996
2,81030342
2,80117458
2,80185322
2,81094666
2,80147908
2,70196150
2,81028317
2,70058023
2,80209379
2,81017316
2,81004511
2,70098332
2,80096585
2,80118913
2,81087498
2,80175802
2,80217545
2,70127998
2,81215437
2,70267838
2,70172485
2,80028529
2,80191074
2,80019930
2,70021652
2,80993062
2,80134827
2,80223989
2,81090071
2,80208273
2,80201490
2,80200571
2,80119375
2,80049277
2,80167498
2,80222188
2,81000863
2,81092328
2,1179333
2,70272893
2,80184129
2,80097530
2,70295560
2,80004534
2,70270362
2,81121180
2,80174285
2,80020542
2,80156688
2,80986854
2,81121177
2,70058796
2,60026139
2,80057610
2,60027583
2,80117534
2,81098586
2,81183572
2,80203522
2,80113482
2,80097424
2,60022980
2,80031038
2,80241248
2,70098605
2,70011207
2,70105370
2,80198745
2,80171733
2,70084221
2,80058424
2,80106124
2,81077795
2,80050007
2,80028359
2,80182919
2,80203919
2,81069393
2,80219707
2,70287957
2,81160763
2,80174683
2,80174367
2,80231658
2,80100772
2,80186863
2,81024557
2,81001809
2,70136135
2,80108976
2,70273401
2,80172469
2,81019338
2,80108159
2,70031779
2,60029178
2,70057519
2,80199767
2,80097141
2,80020131
2,81002195
2,80174434
2,70042688
2,80186796
2,81081656
2,80158485
2,70178618
2,81154982
2,80142474
2,80018988
2,81037733
2,80186940
2,80002612
2,80178897
2,81033086
2,70296443
2,80007945
2,81031650
2,80211384
2,80168222
2,70143864
2,80008434
2,80190215
2,80152350
2,80122759
2,17687959
2,80182473
2,70155629
2,80217594
2,80046777
2,1153656
2,70236016
2,70011206
2,80178974
2,80173479
2,60010836
2,80117485
2,80218306
2,80108430
2,70060380
2,80217066
2,80168188
2,80062011
2,70197049
2,81148672
2,70286028
2,80143362
2,60033247
2,80131240
2,20557937
2,81002412
2,80217889
2,70251816
2,80145255
2,81017724
2,70291096
2,80179905
2,80244846
2,80193475
2,81017094
2,81002281
2,70304979
2,70279188
2,80149064
2,80178724
2,70043308
2,81221873
2,80991570
2,80175694
2,80095815
2,60003082
2,80083977
2,81013112
2,70222859
2,1067876
2,80097423
2,81121176
2,60029167
2,80236236
2,80109415
2,80165221
2,80155477
2,80036407
2,70245034
2,80158800
2,70211216
2,81010817
2,81047798
2,80141858
2,81002391
2,80103430
2,70298251
2,70259568
2,70278933
2,80081955
2,70294800
2,70307570
2,80098287
2,81021976
2,70251218
2,653673
2,70141971
2,70043303
2,70041162
2,80185223
2,81171121
2,80003151
2,80164779
2,80126569
2,81154900
2,80018987
2,80133139
2,81018183
2,70114948
2,70129452
2,60031264
2,80216758
2,516788
2,81040704
2,80087897
2,80039644
2,70213471
2,80210716
2,81037077
2,80095699
2,70157452
2,81062828
2,80187435
2,80244996
2,70210884
2,80108609
2,80068219
2,80026224
2,80192445
2,80039050
2,81211714
2,80217436
2,80216752
2,70120142
2,80231156
2,80140955
2,80011622
2,80189451
2,80045922
2,60036691
2,70300666
2,80158670
2,80119194
2,80013267
2,81109078
2,81012998
2,81089941
2,60000891
2,80136786
2,80213401
2,80108983
2,80042368
2,60004471
2,80118101
2,60004476
2,80058026
2,81050375
2,80127459
2,80151483
2,70243132
2,70084788
2,70235384
2,80038420
2,80134814
2,80027564
2,81098589
2,80203143
2,80187052
2,569355
2,60027942
2,60000870
2,70043231
2,80132964
2,296682
2,80133550
2,70177057
2,70101696
2,70281600
2,81015100
2,70152640
2,60004509
2,70275751
2,80171362
2,70271599
2,70153412
2,20159719
2,80117551
2,80108984
2,80232501
2,80117831
2,80238110
2,70272479
2,80184100
2,80115671
2,80017286
2,80211621
2,80171561
2,80127600
2,80081170
2,70286029
2,70093991
2,80036981
2,70044697
2,70126573
2,80134969
2,80195801
2,80053475
2,80171659
2,80080436
2,81059388
2,70283260
2,70306646
2,60010514
2,80241304
2,81147293
2,80145087
2,70241596
2,80172593
2,80114588
2,70302844
2,80029103
2,70296574
2,80117454
2,80167481
2,80046193
2,80106136
2,80159566
2,81038545
2,80107808
2,70203594
2,80068327
2,81018181
2,81046796
2,70143842
2,80210691
2,70054723
2,81013015
2,80200961
2,81038575
2,60023619
2,916043
2,70270773
2,80136440
2,80038296
2,70020699
2,70077546
2,81046962
2,80178943
2,907090
2,80095900
2,80105358
2,80173387
2,70271773
2,80210182
2,70158332
2,80128715
2,855084
2,70244163
2,80079473
2,81029647
2,80209013
2,70246439
2,80085439
2,80044545
2,81215856
2,81071666
2,70250364
2,80098491
2,70166234
2,80063773
2,70206826
2,70309693
2,70292939
2,80106438
2,80206907
2,80183328
2,81016592
2,80184135
2,80097003
2,80015794
2,80194612
2,81002591
2,81147285
2,80216665
2,80133042
2,70053885
2,80245709
2,70267490
2,70242629
2,80029145
2,81004814
2,80107737
2,80192186
2,80117560
2,80108147
2,81030755
2,80178687
2,80221639
2,70128697
2,60031303
2,382650
2,80101493
2,80225085
2,80046348
2,80208906
2,80028208
2,80044093
2,81054383
2,80201328
2,60031278
2,80132601
2,70052286
2,70021630
2,21302357
2,70155610
2,80039439
2,80105933
2,80184131
2,80152442
2,60000407
2,60011619
2,70153408
2,80201680
2,80091742
2,81073633
2,80134149
2,70142437
2,80191665
2,70242310
2,81055402
2,80117800
2,80175314
2,70290567
2,80993149
2,80177782
2,80027158
2,80049872
2,80044804
2,80057691
2,80169778
2,70215455
2,80223136
2,80996192
2,80166467
2,80217569
2,81060041
2,80197912
2,80173150
2,80107656
2,80141928
2,80201543
2,70058024
2,81044365
2,81006598
2,70242630
2,81176196
2,80995799
2,70306701
2,80204730
2,70185045
2,80135586
2,70304914
2,80161702
2,80114988
2,80201773
2,70304246
2,70183165
2,80234451
2,80097363
2,80064273
2,896678
2,70298946
2,80075476
2,80189632
2,81218079
2,80133663
2,80161931
2,70104313
2,80049928
2,80177405
2,80241986
2,81091015
2,80152745
2,80162179
2,80062112
2,60024976
2,80112371
2,80170277
2,81018455
2,70143865
2,80093198
2,80169617
2,80077417
2,80232404
2,70206820
2,80076160
2,60002033
2,60011729
2,80176064
2,70024088
2,80057883
2,1180086
2,80104240
2,80996791
2,80073100
2,80157242
2,80166319
2,80039813
2,70058025
2,81009815
2,70048968
2,70099120
2,70206816
2,70104894
2,70011211
2,81121183
2,70206822
2,80211648
2,80171291
2,70056663
2,70132228
2,70060000
2,80177346
2,80117542
2,60028097
2,848915
2,80083594
2,80124522
2,80003150
2,70209267
2,81050198
2,80190149
2,70285683
2,70108017
2,408911
2,80223997
2,70111265
2,70266684
2,80222042
2,81012943
2,81018634
2,80038337
2,80117461
2,80045925
2,80126449
2,70137790
2,70117902
2,22007250
2,80230561
2,81145271
2,80010717
2,81050191
2,70261273
2,81003460
2,70044688
2,80232329
2,15815343
2,80208793
2,80011206
2,70213077
2,80169786
2,81011598
2,81038022
2,60037606
2,70105130
2,80231903
2,80114915
2,80095089
2,60010487
2,80097361
2,80225696
2,70105368
2,70044605
2,80163156
2,80117453
2,372195
2,70077556
2,80233419
2,70185015
2,70077542
2,80173271
2,80106743
2,80048977
2,80202920
2,80115673
2,80185178
2,81121182
2,18021979
2,81167490
2,80097466
2,80999977
2,70039187
2,70189289
2,80168189
2,80106307
2,80157073
2,80017535
2,80128691
2,1151188
2,80211638
2,80189646
2,80214581
2,80150002
2,80097360
2,80117498
2,80238013
2,80008257
2,80175685
2,80182411
2,80044834
2,80993404
2,81019894
2,80053653
2,80988793
2,81156627
2,18907685
2,70099118
2,81027384
2,81078466
2,70242899
2,81193616
2,70077076
2,80993489
2,80185003
2,80191045
2,70293417
2,81103108
2,81127333
2,80135276
2,80990849
2,80220814
2,80049871
2,81010212
2,80168198
2,80999455
2,60022914
2,80179762
2,80197889
2,70123542
2,81029570
2,80080617
2,81045511
2,81053953
2,81026677
2,81008236
2,80131616
2,81070659
2,81169914
2,80117470
2,80223556
2,70100381
2,80134527
2,80190147
2,80176179
2,60033108
2,60020236
2,81235729
2,81016914
2,80161109
2,1008581
2,70113538
2,81045499
2,80117811
2,70302184
2,80987209
2,81045510
2,80035467
2,81034099
2,786137
2,80170870
2,60034568
2,80163053
2,80023876
2,81061410
2,1151375
2,80047200
2,80174436
2,70267802
2,81148811
2,80138615
2,70202151
2,80209096
2,80200267
2,80177400
2,81136964
2,80119188
2,81001278
2,80145240
2,1153194
2,81003033
2,80161640
2,80994444
2,70112494
2,873159
2,70221348
2,80202133
2,80108691
2,80025384
2,80038162
2,80097140
2,80128657
2,70061763
2,70206821
2,80018294
2,80172002
2,81084305
2,70023960
2,70082268
2,80223138
2,80097438
2,80020132
2,60003508
2,80208684
2,80164456
2,80177342
2,80208235
2,80158802
2,70001958
2,81123469
2,1179583
2,80990534
2,81169145
2,80197301
2,80117746
2,80103392
2,80113090
2,80115676
2,70046968
2,80114855
2,80213658
2,70184126
2,80031377
2,70295085
2,70230138
2,80173269
2,81171862
2,80158516
2,70242898
2,80095718
2,80109536
2,80195653
2,80024132
2,80114460
2,80096955
2,80059342
2,81004223
2,80117803
2,80157760
2,60000901
2,80149821
2,80168161
2,81167494
2,80119187
2,80235524
2,70218316
2,80158168
2,70296765
2,1181550
2,80239932
2,60000209
2,80113701
2,81017061
2,81103139
2,81062293
2,80171742
2,80113647
2,80127558
2,80176212
2,80184625
2,80207486
2,81002880
2,80179784
2,80015210
2,80213299
2,80989043
2,80216662
2,70301279
2,70269429
2,80170368
2,70230147
2,70068739
2,81037283
2,80114700
2,80157137
2,80141335
2,80095806
2,81191195
2,80187030
2,81060038
2,70019506
2,80109089
2,70135647
2,70013050
2,80164465
2,80050006
2,80134779
2,80147760
2,70039645
2,80104182
2,60004393
2,70157294
2,81026453
2,80214743
2,70117305
2,80115134
2,80195049
2,80185032
2,60000415
2,70307661
2,80196138
2,81094667
2,80208661
2,80221016
2,80133551
2,80217136
2,80205440
2,70099615
2,70208520
2,80015799
2,80216844
2,81131761
2,81035279
2,80210736
2,60022255
2,81113468
2,70237054
2,80217040
2,80202273
2,80011848
2,80026431
2,70140322
2,80117540
2,80184676
2,70184050
2,70213080
2,80214621
2,80190144
2,70221570
2,80114666
2,81011993
2,80019931
2,80108373
2,80095807
2,81039393
2,80202076
2,80194950
2,81000861
2,70031792
2,80134826
2,80108613
2,70178604
2,70113636
2,80173395
2,70302182
2,70053833
2,70197042
2,70253397
2,80033772
2,80191036
2,70287604
2,80221560
2,81080637
2,81083786
2,80109194
2,916061
2,70204316
2,20129240
2,80134279
2,80058654
2,81003741
2,70283263
2,80225421
2,80211884
2,80243600
2,60029369
2,81145135
2,80216237
2,60003961
2,70307848
2,80075595
2,80065386
2,80043049
2,80097321
2,80117484
2,80003153
2,80213400
2,70172488
2,70022548
2,80029368
2,70045356
2,80000770
2,80057281
2,80158871
2,80196217
2,70021631
2,70301275
2,80122179
2,81043473
2,80174137
2,80996949
2,80136548
2,70128701
2,80108759
2,80173623
2,80206057
2,81212801
2,70304298
2,81050193
2,60036359
2,81092325
2,80218099
2,80117263
2,80160987
2,80177803
2,80057700
2,80158084
2,81026475
2,81027396
2,70213075
2,70251519
2,80221271
2,60021790
2,80225024
2,80117552
2,81026188
2,80082647
2,80198423
2,70293788
2,80012550
2,80046249
2,80135164
2,80119145
2,80244900
2,80232502
2,70301472
2,60010488
2,80044731
2,70130483
2,281550
2,80097072
2,80244457
2,81121171
2,81001413
2,81090128
2,80098288
2,60011597
2,70299859
2,80049903
2,80244783
2,81130297
2,80184569
2,80239503
2,80189648
2,81027753
2,81015317
2,81053961
2,80095241
2,80160759
2,81003058
2,80186731
2,81074113
2,81026477
2,80023921
2,81015076
2,80223928
2,80997965
2,70299863
2,80081987
2,70130445
2,80224536
2,80117902
2,80100260
2,70300800
2,80196789
2,80058979
2,81002929
2,269880
2,80117554
2,80190148
2,80199381
2,80230293
2,80003152
2,80064515
2,80221553
2,80201870
2,80173625
2,81121186
2,70020048
2,80044562
2,516154
2,60022413
2,80201862
2,80019503
2,70299270
2,70158329
2,80195429
2,70250369
2,70053412
2,80092801
2,70059700
2,80038442
2,80003481
2,80042371
2,70002129
2,80104068
2,80992963
2,81017530
2,60000921
2,80082969
2,81034763
2,80077977
2,70266169
2,70260729
2,81031008
2,70083532
2,80070182
2,80238607
2,80195838
2,80117545
2,60034929
2,70114022
2,70242897
2,80117809
2,80079428
2,80202874
2,80121841
2,60022254
2,80138584
2,70178217
2,80143794
2,70224969
2,81062075
2,60025674
2,80223149
2,80187307
2,81078217
2,80216302
2,80106966
2,81145270
2,81121174
2,80118100
2,80013772
2,70221673
2,70136126
2,80142615
2,80038290
2,80239639
2,80107736
2,80215923
2,1005494
2,70291094
2,80205204
2,70286564
2,80182949
2,70293130
2,80132411
2,80242828
2,81034317
2,81157840
2,80014857
2,793907
2,80223685
2,80017537
2,80133549
2,80127559
2,915927
2,60020916
2,70056433
2,70206824
2,80064459
2,81058497
2,70141644
2,80208176
2,80073486
2,81144867
2,70044686
2,60032563
2,80177300
2,80119190
2,70261178
2,80158772
2,80051137
2,80046727
3,80046727
4,80241590
4,80210887
4,81016045
4,81163776
4,81016044
4,80999981
4,80999990
4,81000000
4,70026431
4,81059183
4,80245442
4,80994754
4,81036061
4,80158839
4,80242491
4,80999985
4,81000011
4,80999991
4,80242065
4,80993774
4,80241877
4,80999987
4,80224294
4,80993739
4,80999989
4,81002594
4,81059444
4,80158838
4,80242137
4,80994738
4,80102950
4,80007777
4,80999996
4,81002596
4,80241947
4,80993816
4,80999983
4,70142798
4,80224233
4,70062814
4,80999986
4,81000015
4,80999982
4,81093122
4,70241607
4,80173481
4,80993625
4,81016043
4,70218312
4,81002597
5,80988892
6,80988892
2,80988892
1,80159586
7,80159586
2,80159586
1,80107019
0,80107019
1,80152447
0,80152447
1,80098475
0,80098475
8,284890
8,80218783
8,70292836
8,80107037
8,80201605
8,80994425
8,81147274
8,81186758
8,81113918
8,20257617
8,60003401
8,80994419
8,70229555
8,80234795
8,70045644
8,81038832
8,80158546
8,81067758
8,80102080
8,70308135
8,80028360
8,80201826
8,80122186
8,70062701
8,80113673
8,81052265
8,80211135
8,80987611
8,80187471
8,70303424
8,20255593
8,81213887
8,81016196
8,70034607
8,80057585
8,70171835
8,80157132
8,70254342
8,80122239
8,80212701
8,80122193
8,70040912
8,60021903
8,80108518
8,80123910
8,80218586
8,60037397
8,70053010
8,70012334
8,70219525
8,70170182
8,80023851
8,80238400
8,70273637
8,81093342
8,70059284
8,70117268
8,70134537
8,81094083
8,81112446
8,80203784
8,80032476
8,81088331
8,81177367
8,80203780
8,80161850
8,81215481
8,80032473
8,70152959
8,70100644
8,81155859
8,80108386
8,70303431
8,80998331
8,80228146
8,70125939
8,81074135
8,80201829
8,81051693
8,80165857
8,70002291
8,70123121
8,80219019
8,80180509
8,70052249
8,70295531
8,81006356
8,81066709
8,70229048
8,60036103
8,80149139
8,70303426
8,60032685
8,80159955
8,70127589
8,81123050
8,81039381
8,70254352
8,80083752
8,20255837
8,70254346
8,70062158
8,17457622
8,80201618
8,70129075
8,70040076
8,70021253
8,80190101
8,80235135
8,70254350
8,70025303
8,81213894
8,70051840
8,70105459
8,81072516
8,80203998
8,81113888
8,20257393
8,81213897
8,80992995
8,70198040
8,81002215
8,81217745
8,81018234
8,81213888
8,60031998
8,80245518
8,81018377
8,80202908
8,81024728
8,70064205
8,80244992
8,80194558
8,80032081
8,80206847
8,70039405
8,80238295
8,80223317
8,80201815
8,81024701
8,80996338
8,80202086
8,81217738
8,80156935
8,70117122
8,81096151
8,70089214
8,80202087
8,80245329
8,81091424
8,81213895
8,81026343
8,81217739
8,60002808
8,80094096
8,70090035
8,81052279
8,80991033
8,81035104
8,80998565
8,81005453
8,80158376
8,80183329
8,80039594
8,80191557
8,81018239
8,80228322
8,80201824
8,70111162
8,81217437
8,80017528
8,81213873
8,80038288
8,70056686
8,247747
8,81110386
8,70042756
8,81213874
8,81002213
8,80145085
8,80229216
8,80084768
8,81128584
8,70139072
8,70082633
8,80074065
8,80199962
8,81052275
8,60002111
8,80201608
8,81113887
8,80204118
8,81062853
8,81045765
8,80169554
8,80182447
8,80238294
8,80204117
8,81018238
8,81213884
8,81086640
8,81075235
8,80182479
8,70139073
8,81213979
8,81213882
8,80998564
8,80990813
8,80164904
8,80084767
8,80205314
8,80238296
8,70018445
8,70001564
8,70176967
8,70275774
8,81154987
8,81176200
8,80236167
8,80998558
8,70153178
8,70106268
8,81091423
8,81147278
8,70083535
8,81057229
8,81221913
8,80238637
8,80157133
8,70123119
8,70087087
8,81094082
8,70229045
8,80228282
8,70043149
8,80166185
8,70299811
8,81131274
8,81035105
8,81016191
8,81086434
8,80201612
8,81020576
8,80211371
8,70109375
8,70285730
8,80165850
8,81213889
8,81086435
8,81083971
8,81023713
8,80068117
8,81063743
8,24081514
8,60021548
8,70123117
8,80235325
8,80202090
8,70268489
8,81217746
8,80201809
8,80117596
8,81024730
8,80039595
8,70111279
8,70096752
8,70123124
8,80994426
8,80223230
8,70176968
8,81024712
8,70229044
8,70121522
8,81177238
8,80238293
8,81048561
8,70303496
8,80144448
8,80103428
8,80083672
8,80158042
8,80080618
8,81035109
8,81062606
8,70229046
8,60000722
8,80171439
8,70115621
8,80994574
8,81018233
8,81057249
8,80229034
8,70048905
8,80238298
8,80102160
8,80187684
8,81217747
8,80235958
8,81161834
8,81113926
8,81155858
8,80122240
8,70113306
8,70181653
8,80998560
8,80201820
8,70055855
8,80990814
8,80189997
8,80202905
8,81066723
8,80201822
8,80102162
8,80127886
8,70303432
8,80158389
8,80177776
8,70065769
8,70293703
8,80243541
8,80994443
8,80207446
8,70139076
8,80095531
8,70303429
8,81038046
8,81206389
8,60021525
8,70113305
8,70113347
8,70019491
8,80203791
8,81113919
8,70229043
8,80157084
8,70290904
8,80032477
8,70121660
8,80159668
8,70155788
8,81011159
8,80170381
8,81050688
8,81194544
8,80165854
8,80175623
8,80032474
8,70158421
8,81035103
8,80122189
8,81067761
8,80158482
8,81029848
8,81189912
8,81155782
8,81016194
8,80149282
8,80122235
8,80223190
8,80079229
8,80125627
8,81157385
8,70303495
8,70229042
8,80239988
8,80104648
8,80203789
8,80204433
8,80083589
8,70063017
8,80201175
8,81024731
8,80118002
8,81154455
8,81217436
8,70006816
8,80201810
8,80176342
8,60033223
8,80227304
8,80158545
8,70139075
8,70229040
8,70213515
8,70025612
8,60032008
8,80994424
8,70275076
8,80192548
8,81213885
8,80228321
8,80203790
8,70072558
8,80165917
8,80141767
8,80203786
8,81213896
8,70073018
8,70123116
8,20717860
8,80236279
8,81045065
8,80122232
8,80182105
8,81093951
8,60003290
8,81186757
8,80165856
8,81048554
8,80219143
8,81024696
8,80201814
8,80201623
8,70185023
8,21028086
8,17969262
8,80236278
8,70099702
8,81191254
8,80195886
8,24073896
8,80087743
8,70114589
8,80238190
8,70006866
8,80245450
8,70035357
8,70261058
8,81018237
8,80203792
8,80074933
8,70296742
8,70101039
8,70001082
8,80084667
8,80122191
8,80223195
8,80156769
8,81155784
8,81113890
8,60021906
8,80122237
8,81076749
8,80171598
8,80203783
8,80084666
8,80206827
8,81011973
8,81045054
8,80222770
8,70303428
8,70139078
8,70260514
8,80152741
8,80235139
8,80015785
8,81025935
8,20705133
8,80147318
8,70000196
8,60036746
8,70211474
8,17671454
8,80244078
8,81002211
8,70254351
8,70117674
8,80208413
8,81113927
8,80990816
8,70241088
8,81067757
8,81113921
8,80104257
8,81052266
8,80169549
8,80058851
8,81080769
8,81018235
8,70109758
8,60003405
8,80201609
8,80993495
8,70114043
8,70134669
8,80177339
8,80201604
8,70139071
8,70298393
8,80057750
8,60020906
8,81107545
8,80223228
8,80156940
8,80998890
8,81213898
8,70001237
8,80229953
8,70181734
8,70123126
8,81123052
8,81057246
8,80237006
8,81016193
8,80238291
8,80201816
8,80115844
8,70067230
8,81155880
8,81024713
8,70153553
8,80152182
8,80207445
8,20765027
8,81076114
8,80192420
8,70229047
8,80122233
8,20764666
8,60021758
8,80227673
8,70302835
8,17457962
8,80201813
8,70075775
8,80211134
8,80115686
8,70125882
8,81221914
8,80158388
8,81177371
8,70229041
8,81024717
8,80993648
8,70219529
8,80106505
8,80993095
8,80203782
8,70071832
8,81039383
8,81088700
8,80057278
8,80245408
8,70056059
8,80207444
8,81217737
8,80190103
8,80156941
8,81035107
8,70236587
8,70258366
8,80238292
8,70268209
8,80998566
8,81113886
8,70185139
8,80164778
8,80121872
8,81038047
8,60035870
8,80157083
8,81002214
8,80994423
8,81018236
8,80994572
8,80165732
8,80154688
8,80095530
8,81033430
8,70109249
8,80156937
8,80099083
8,81016192
8,70128225
8,80084454
8,80122234
8,81033429
8,70049619
8,70244982
8,70068799
8,70139542
8,80165848
8,80182622
8,80156939
8,80994130
8,80223227
8,70149579
8,80203997
8,70294790
8,80158479
8,81213891
8,70056728
8,80229102
8,80083930
8,80203788
8,81076756
8,80106947
8,81077451
8,81132060
8,70114588
8,81019031
8,81002212
8,80243408
8,70254349
8,81018240
8,80207879
8,80165849
8,80201817
8,81019924
8,70134539
8,80158395
8,80157086
8,70108590
8,80998568
8,80239738
8,70295762
8,81005364
8,80223049
8,80165855
8,70123118
8,70275753
8,81035108
8,70125935
8,20258084
8,80204119
8,80994421
8,70219528
8,20712279
8,80990810
8,80165851
8,81025088
8,80158480
8,80239442
8,81093925
8,70110883
8,80220783
8,80238297
8,70114467
8,70144331
8,60001670
8,80201622
8,81026003
8,70185141
8,80102266
8,80994416
8,80121873
8,81213893
8,81045060
8,70262614
8,81183491
8,80165853
8,60036617
8,81213879
8,80158390
8,81044299
8,80203778
8,81067759
8,70054380
8,81063480
8,80218784
8,80170483
8,80245519
8,80201827
8,80206732
8,80202089
8,80156936
8,70187503
8,70116577
8,80108481
8,81024704
8,60036112
8,80113785
8,70059026
8,80150390
8,81155803
8,81045069
8,70202336
8,20254278
8,81020066
8,80122238
8,70065255
8,70107499
8,70005055
8,80084838
8,80994420
8,80136925
8,80176698
8,80994575
8,80158391
8,80990811
8,80222951
8,80203781
8,80059049
8,80236906
8,81088083
8,80137461
8,81045072
8,80158920
8,70116578
8,70109378
8,80205231
8,80187618
8,70109884
8,60002818
8,80225885
8,70289558
8,81086641
8,80202078
8,19207412
8,80104130
8,80158481
8,81024711
8,70027133
8,81024729
8,80216270
8,80994573
8,81217743
8,70229498
8,80091267
8,80032472
8,80219180
8,70021551
8,70138498
8,81024726
8,70225597
8,80124313
8,70007056
8,80170612
8,60003097
8,80023853
8,80990815
8,70123120
8,80091866
8,80235957
8,70236020
8,70129396
8,80176716
8,81108230
8,81213876
8,60001404
8,81155802
8,81039384
8,81074367
8,81052277
8,80201626
8,80178836
8,80233024
8,81217742
8,70139074
8,81151899
8,70034610
8,81071868
8,81095399
8,70204288
8,80180851
8,70047320
8,80238299
8,80203996
8,20077944
8,70059328
8,60035875
8,80175333
8,80122192
8,80207447
8,80201825
8,80107219
8,60036613
8,80201823
8,80204460
8,80139507
8,80157889
8,80236280
8,81013200
8,81026327
8,81020508
8,81013710
8,80067906
0,80165083
0,80241539
0,70230417
0,80233441
0,70153543
0,80175421
0,80208337
0,80097771
0,81013148
0,81061828
0,81012340
0,80134093
0,80208083
0,80123743
0,80186459
0,80213024
0,81024044
0,80037278
0,81010818
0,80230465
0,80048100
0,80160357
0,80196367
0,80123740
0,80232914
0,80198859
0,80137087
0,81096745
0,81021528
0,80190097
0,80164075
0,81027190
0,80160994
0,81154166
0,80123744
0,80123742
0,80183199
0,81099996
0,80133335
0,80213020
0,80989919
0,80171705
0,80217689
0,80178940
0,70117322
0,80194671
0,81074060
0,80196044
0,81018979
0,80231523
0,80039136
0,80208082
0,80198419
0,80102305
0,80197303
0,81082327
0,81027187
0,70286808
0,80125818
0,80127927
0,80237420
0,81011936
0,80003196
0,80117080
0,80190086
0,80115112
0,81005314
0,80208211
0,80222157
0,80081374
0,80042177
0,80194737
0,70295974
0,80189898
0,81034697
0,80178151
0,81120982
0,80057578
0,81079723
0,80117940
0,80160358
0,81169158
0,80104950
0,81034012
0,80005772
0,80124680
0,70286809
0,80241876
0,80217779
0,80240691
7,80236359
7,80184067
7,81032669
7,80207473
7,80162142
7,80083261
7,80041601
7,80241102
7,80174145
7,80158770
7,80035480
7,771476
7,80175722
7,80195377
7,80186848
7,80214584
7,70258489
7,80179907
7,80236470
7,70059483
7,80048569
7,81112772
7,80158844
7,81045530
7,81017593
7,70301529
7,80202129
7,80202283
7,80165072
7,80173234
7,80179057
7,80023689
7,70140450
7,80204402
7,80181555
7,80185707
7,81200716
7,70305043
7,80233104
7,81031262
7,80227554
7,520489
7,80225907
7,60000480
7,81085319
7,80118889
7,80108561
7,70229514
7,80108998
7,1193180
7,81040405
7,80017170
7,80989338
7,81025019
7,80065491
7,70298389
7,80217743
7,80091341
7,81025361
7,80172474
7,80234290
7,80221261
7,80118873
7,80198478
7,80104330
7,80023644
7,80196382
7,70236561
7,80099305
7,80100261
7,80186252
7,80188902
7,80220000
7,80128338
7,80221942
7,80186090
7,80157752
7,80095641
7,80103374
7,80174219
7,81045989
7,80178078
7,80157866
7,80218432
7,80162141
7,80217151
7,70261674
7,80124723
7,80196135
7,80012477
7,70304244
7,70302484
7,80158769
7,80191975
7,80076467
7,80158875
7,80178464
7,80185622
7,80148179
7,81059643
7,80207066
7,80123729
7,81025263
7,80172471
7,70253597
7,80185801
7,80141261
7,80105030
7,70250398
7,81060232
7,80153895
7,81088284
7,70281022
7,81005266
7,81059816
7,80099016
7,80007225
7,80211465
7,80224605
7,80116922
7,81024494
7,80207046
7,80189653
7,81167492
7,80232852
7,60037022
7,80095866
7,80083330
7,80182034
7,80998905
7,80213148
7,80220311
7,80144358
7,80242081
7,80134968
7,80097034
7,80109248
7,80108207
7,80224314
7,81172868
7,80045820
7,70213238
7,70292992
7,80195811
7,80195835
7,80162144
7,80190519
7,80160755
7,80106144
7,80206758
7,80108158
7,70253590
7,80176144
7,80195885
7,70264888
7,80155863
7,80213803
7,80158580
7,80094728
7,80169785
7,80153131
7,80238565
7,81110498
7,80108985
7,80148239
7,70245163
7,80017099
7,81069254
7,81032812
7,70202593
7,80078761
7,80147920
7,80098842
7,80231602
7,80049951
7,80109640
7,81026667
7,80116762
7,80130911
7,80107987
7,80073432
7,81082125
7,70235731
7,80145141
7,16944044
7,81074542
7,81224128
7,81189396
7,81001097
7,80106338
7,81018536
7,70140438
7,80172475
7,70243696
7,80036427
7,60024962
7,80214706
7,80990571
7,80151663
7,81092330
7,80201500
7,80204252
7,80118888
7,81059649
7,81059779
7,80135587
7,80091689
7,81054495
7,81025404
7,80224218
7,80071907
7,81032659
7,81063091
7,80213025
7,80217133
7,70157196
7,81021631
7,81085824
7,60022962
7,80104983
7,80063224
7,80097376
7,80118841
7,80005738
7,81032626
7,80158581
7,80204400
7,80068326
7,80222071
7,81004322
7,70219642
7,80097726
7,80240816
7,81075536
7,80158588
7,80125291
7,80180224
7,80139397
7,80191680
7,80236574
7,80005588
7,80162143
7,80235864
7,80217627
7,80158919
7,80176592
7,70213237
7,80049094
7,80241003
7,80204890
7,81059684
7,81059663
7,80173770
7,80133117
7,80241004
7,80179201
7,80989924
7,70177040
7,80991316
7,80074249
7,80048568
7,80002479
7,80241071
7,81047683
7,81063049
7,80173896
7,80141960
7,80164112
7,80106150
7,80170875
7,80997687
7,80244567
7,70296573
7,80091310
7,80101827
7,80199032
7,70254851
7,80136785
7,80219802
7,80998491
7,80228129
7,80045818
7,80184068
7,80017240
7,81063084
7,70281026
7,80142450
7,81059856
7,80042182
7,80081505
7,80138915
7,80189955
7,80217857
7,70221085
7,80227959
7,80152842
7,80029708
7,80098305
7,80228239
7,80117401
7,80087933
7,80219974
7,80185861
7,80063658
7,80206395
7,81012415
7,80216651
7,80192950
7,80144146
7,699257
7,80038168
7,80184405
7,81045517
7,80234414
7,80231601
7,81059603
7,81059656
7,81029301
7,70118859
7,81110394
7,81069255
7,80240397
7,80131167
7,80223793
7,70296578
7,80158649
7,70142436
7,80219941
7,80221317
7,80172470
7,80057509
7,80189806
7,70309257
7,80158579
7,80221943
7,80052790
7,80165085
7,81001494
7,80161335
7,80081790
7,80185722
7,70020730
7,80135360
7,80131168
7,70298341
7,80217669
7,81217741
7,80191930
2,70142918
6,70142918
2,70176655
6,70176655
2,80058460
6,80058460
2,80095193
6,80095193
2,60026114
6,60026114
2,70264416
6,70264416
2,70292700
6,70292700
2,80200744
6,80200744
2,70155579
6,70155579
2,80036416
6,80036416
2,70065112
6,70065112
2,70217161
6,70217161
2,70209163
6,70209163
2,60000861
6,60000861
2,70212980
6,70212980
2,80134952
6,80134952
2,60036237
6,60036237
2,81018565
6,81018565
2,81214187
6,81214187
2,70266677
6,70266677
2,70286533
6,70286533
2,80191294
6,80191294
2,80212245
6,80212245
2,70153390
6,70153390
2,80115341
6,80115341
2,80150242
6,80150242
2,60029461
6,60029461
2,70234440
6,70234440
2,70197459
6,70197459
2,70061480
6,70061480
2,81041515
6,81041515
2,80191075
6,80191075
2,80107372
6,80107372
2,80159880
6,80159880
2,80012535
6,80012535
2,70020947
6,70020947
2,80013773
6,80013773
2,80027560
6,80027560
2,60024942
6,60024942
9,81014824
9,81160036
9,81045085
9,80087348
9,81110388
9,80087078
9,80087347
9,80142637
9,81047445
9,81047446
9,80187323
9,80094964
9,81036338
9,80175151
9,81024705
9,81139317
9,80994418
9,80187467
6,70272742
6,80065754
6,80207606
6,81012857
6,80023289
6,80090672
6,81025317
6,70143440
6,80013547
6,81005561
6,81008283
6,70227189
6,81123051
6,80218656
6,80147321
6,70153374
6,81035117
6,80203254
6,70242079
6,80099656
6,70304187
6,81069249
6,80224055
6,81008272
6,80081410
6,80063599
6,80990869
6,81017506
6,80224106
6,80097221
6,81009808
6,81083791
6,80190984
6,70150473
6,81029400
6,80136311
6,70304191
6,70171957
6,70264078
6,80117082
6,70153385
6,80087548
6,81070008
6,70128549
6,80241779
6,70304188
6,80997402
6,80225595
6,81103033
6,70095265
6,80224054
6,70235760
6,81063160
6,80215046
6,80027373
6,80038358
6,80063989
6,81087094
6,80232740
6,80203787
6,80245299
6,80198991
6,80117079
6,80094260
6,80107514
6,80194367
6,80022632
6,81074375
6,80191357
6,70137744
6,80191358
6,70264616
6,81031652
6,70300626
6,70304186
6,80185266
6,80118280
6,80042307
6,80141782
6,81173255
6,80163054
6,80074152
6,80189954
6,80128692
6,70069233
6,80237905
6,80131563
6,80202258
6,81151313
6,81087095
6,80209796
6,80119411
6,80057137
6,80205085
6,70300066
6,80236118
6,80147919
6,80198545
6,80163263
6,81006335
6,80132961
6,81009823
6,80194184
6,80235932
6,70171946
6,70230412
6,80154884
6,80094258
6,80163191
6,80018336
6,80218939
6,81092327
6,81090899
6,80217957
6,80092415
6,80178720
6,80221787
6,80080491
6,80124947
6,80094603
6,81017011
6,81072571
6,80190585
6,70288423
6,80092857
6,80092781
6,80215076
6,80191356
6,70304189
6,70262831
6,80199128
6,81136963
6,70235768
6,80179288
6,80062047
6,80161108
6,80215147
6,81063028
6,80170611
6,70212989
6,80220531
7,80046819
0,80046819
7,70189282
0,70189282
7,80171125
0,80171125
7,60003378
0,60003378
7,80080727
0,80080727
7,80052612
0,80052612
2,70045863
7,70045863
2,80991404
7,80991404
2,80049832
7,80049832
2,70117293
7,70117293
2,80175483
7,80175483
2,70157231
7,70157231
2,70100379
7,70100379
2,70175670
7,70175670
2,81060174
7,81060174
2,80195654
7,80195654
2,70100383
7,70100383
2,60022056
7,60022056
2,80045629
7,80045629
2,80012520
7,80012520
2,70184051
7,70184051
2,80241061
7,80241061
2,347365
7,347365
2,70245168
7,70245168
2,80043834
7,80043834
2,80223779
7,80223779
2,419733
7,419733
2,70212504
7,70212504
2,80221446
7,80221446
2,70077544
7,70077544
2,80197526
7,80197526
2,80119189
7,80119189
2,70112730
7,70112730
2,70120340
7,70120340
2,81014345
7,81014345
2,80013712
7,80013712
2,70131314
7,70131314
2,80095411
7,80095411
10,81028895
10,81166946
10,80059047
10,80226236
10,80198001
10,80163277
10,80170688
10,80066146
10,70296735
10,80226357
10,80154508
10,81167119
10,81087762
10,81191500
10,70213130
10,80239666
10,80094387
10,80158750
10,81094069
10,80126185
10,80139199
10,81004280
10,80161700
10,80177986
10,81034931
10,70251160
10,80159897
10,81167047
10,80220650
10,81026705
10,80214523
10,80162136
10,80214406
10,81044884
10,80226233
10,81011508
10,81099997
10,80214405
10,80176819
10,80116626
10,81042804
10,81193313
10,80155793
10,80128686
10,80165487
10,80094386
10,81167011
10,80091781
10,80987077
10,80187061
10,81026700
10,80162114
10,80176929
10,80132626
10,81015498
10,80165295
10,81072109
10,80214772
10,80244640
10,81045349
10,80161826
10,81161487
10,80126153
10,80117824
10,80091783
10,81224868
10,80126211
10,81029884
10,81036448
10,80158577
10,80226168
10,80116307
10,80226338
10,80091778
10,80144372
10,81087764
10,80154689
10,80098047
10,80177865
10,80223582
10,81000511
10,81033650
10,80081705
10,80098046
10,80236133
10,80223050
10,81167029
10,80142000
10,80036747
10,80154638
10,80212481
10,81194523
10,80066800
10,80158803
10,81167065
10,80187302
10,80158801
10,80031595
10,80176866
10,81116487
10,80178564
10,80163352
10,80116687
10,80991107
10,81033645
10,80226424
10,80226234
10,80209553
10,80176842
10,80214013
10,80178427
10,81144925
10,80198771
10,80990935
10,80163266
10,81053240
10,80158817
10,80211728
10,80214115
10,81095101
10,80091779
10,81010699
10,81167083
10,80175275
10,80126214
10,81031306
10,81165326
10,80150604
10,80178404
10,80188730
10,80198687
10,81070963
10,81077044
10,70297144
10,81166978
10,80176931
11,80154610
2,80154610
11,80081155
2,80081155
7,81121055
2,81121055
7,70063591
2,70063591
7,80097814
2,80097814
7,80185171
2,80185171
7,1179574
2,1179574
7,80236778
2,80236778
7,80103818
2,80103818
7,80207371
2,80207371
7,70202138
2,70202138
7,17016471
2,17016471
7,80168300
2,80168300
7,70202589
2,70202589
7,80022613
2,80022613
7,80993105
2,80993105
7,80143556
2,80143556
7,80148535
2,80148535
7,70202150
2,70202150
7,80211623
2,80211623
7,1171655
2,1171655
7,709380
2,709380
7,80168033
2,80168033
7,80190859
2,80190859
7,70295189
2,70295189
7,80096782
2,80096782
7,80112415
2,80112415
7,80025678
2,80025678
7,70021648
2,70021648
7,60001761
2,60001761
7,70101375
2,70101375
7,70271601
2,70271601
7,80097225
2,80097225
7,80049358
2,80049358
7,80188099
2,80188099
7,80155932
2,80155932
7,28371873
2,28371873
7,80211380
2,80211380
7,70157434
2,70157434
7,22040803
2,22040803
7,80158148
2,80158148
7,60001104
2,60001104
7,70011219
2,70011219
7,80020772
2,80020772
7,60024927
2,60024927
7,374651
2,374651
7,70295067
2,70295067
7,81012427
2,81012427
7,80036657
2,80036657
7,81031373
2,81031373
7,70112500
2,70112500
7,80198585
2,80198585
12,70233894
2,70233894
13,80120485
13,80205442
13,80997400
13,80995575
13,80162210
13,80144890
13,81161538
13,80223271
13,80094453
13,80186829
13,81003880
13,80214464
13,80164207
13,80995577
13,81004321
13,80142223
13,80217315
13,81038976
13,81011955
13,81020973
13,80147513
13,80148920
13,80244700
13,80245601
13,81041002
13,80095232
13,80119235
13,80233215
13,80148967
13,80127990
13,81078397
13,80160726
13,80187301
13,80071048
13,80994442
13,80190535
13,80210147
13,80074220
13,80063617
13,80218634
13,80173174
13,81026007
13,81020531
13,80208298
13,80148595
13,80107990
13,80996455
13,80221210
13,80116761
13,80216621
11,80200087
0,80200087
14,80200087
1,80200087
15,80200087
16,81044856
16,81016328
16,81062674
16,81021831
16,81016327
16,81044857
16,81030893
16,81016322
16,80020885
16,81016318
16,80163295
16,81016324
16,81002850
16,81021832
16,70266069
16,81016330
16,81016321
16,81047902
16,81047903
16,81033200
16,80109145
16,81033201
16,81002866
16,81140307
16,81016342
16,81037970
16,81021082
16,81016323
16,81016317
16,81016338
16,81016326
16,70118368
16,81047897
16,70035037
16,81088277
16,81037985
16,81002864
16,81016750
16,81016337
16,81047899
16,81037986
16,81047900
16,81047901
16,70114484
5,80987113
5,81111849
5,81108280
5,81005504
5,80160597
5,80227516
5,80991060
5,80140939
5,80174727
5,80177834
5,81092192
5,81200228
5,81161230
5,80220692
5,81019520
5,80992496
5,81026363
5,80138469
5,81135440
5,80171528
5,81004470
5,80187205
5,81175361
5,80128756
5,80160516
5,81017545
5,80226242
5,81208888
5,80996343
5,80143797
5,70228154
5,80201200
5,80993655
5,80996973
5,80222788
5,81200229
5,80141156
5,81185502
5,81005091
5,80111710
5,81012978
5,80153897
5,81030197
5,80111614
5,80109399
5,80993627
5,80996349
5,80993613
5,80163369
5,81067760
17,80997613
17,80103512
17,80092849
17,80202503
17,80202809
17,80109295
17,80992232
17,80230423
17,80997225
17,80167461
17,81003984
17,80127764
17,80245356
17,80100054
17,80241001
17,81040407
17,80992039
17,80150507
17,80235578
17,80173485
17,81029383
17,80215507
17,80064235
17,80202810
17,81062582
17,80202713
17,80093103
17,80192098
17,80131505
17,80235857
17,80221109
17,80127464
17,80202903
17,80100929
17,81078331
17,80235767
17,80103623
17,80109341
17,80167460
17,80093212
17,80103312
17,80167648
17,81010786
17,80134797
17,80093127
17,81036520
17,80113589
17,80131280
17,80989339
17,80093104
17,80092850
17,70308105
17,80988832
17,80213115
17,80233258
17,80241387
17,81031939
17,81001804
17,80209658
17,80095197
17,80093105
17,80121387
17,80233223
17,80132381
17,80122209
17,80212251
17,80244708
17,80211229
17,80191608
17,80093106
17,80168029
17,80232989
17,80990336
17,80987516
17,80200942
17,80233408
17,80215322
17,80109193
17,80988835
17,80121844
17,80093107
17,80215500
17,80232891
17,80021966
17,81018120
17,80183187
17,81000389
17,80059465
17,80163890
17,81077863
17,80997602
17,80122177
17,80233962
17,80167843
17,80195828
17,80114419
17,80227798
17,80114719
17,80990609
17,80988834
17,80141185
17,80216541
17,80093213
17,80134526
17,80103426
17,80991879
17,80121386
17,80988860
17,80208091
17,80162993
17,81073590
17,80245041
17,80121843
17,80104041
17,80018046
17,80160972
17,80991158
18,80126507
7,80126507
12,80038440
12,81043540
12,80134435
12,80038443
12,80134501
12,80126599
12,80231066
12,80134515
12,80134420
12,80134604
12,80231065
12,80038439
12,81132438
12,80227116
12,80227113
12,80134514
12,81158574
12,80119381
12,80176234
12,80038527
12,81043542
12,81132439
12,80134516
12,80134330
12,81026192
12,81007175
12,81132440
12,70299745
12,80231064
12,80134434
12,81076251
12,80126879
12,81043541
12,80037176
12,80134518
12,81132443
12,80134519
12,80227114
12,81132442
12,80121973
12,80134399
12,80134438
12,81026095
12,80038441
12,80038354
12,80227119
12,80119451
12,80227118
12,80037484
12,81086462
12,80038355
12,80126877
12,80120200
12,80134524
12,80126875
12,80158301
12,80149594
12,80175913
12,80189829
12,80038445
12,80134436
12,81043346
12,80134521
12,81132441
12,80134500
12,80134398
12,81037848
12,80123567
12,80037129
12,80038298
12,80127001
12,80134606
12,80134433
12,81132444
12,80134520
12,80126991
12,81043343
12,81043345
12,80038353
19,80167488
19,70117354
19,70033611
19,80997859
19,60001377
19,70033643
19,81068732
19,81030198
19,70033579
19,70100527
19,80108234
19,80999107
19,923574
19,80997870
19,80150502
19,81012295
19,80997864
19,81050394
19,80997867
19,70026792
19,80997861
19,80997858
19,80997789
19,70014531
19,80997863
19,81036524
19,70059191
19,70033644
19,81030201
19,11546798
19,60027334
19,70142792
19,80997865
19,81036530
19,70124316
19,70126809
19,70130432
19,70111922
19,80997793
19,80221279
19,80997866
19,81030200
19,80997857
19,70124651
19,80997862
19,80039484
19,81029831
19,81012294
19,81029737
19,80127645
19,1145882
0,80060037
20,80060037
19,70242536
5,70242536
19,70123160
5,70123160
19,70020728
5,70020728
19,70137753
5,70137753
19,80017265
5,80017265
19,80039485
5,80039485
19,70025372
5,70025372
19,81071891
5,81071891
19,70082255
5,70082255
19,80117455
5,80117455
19,70270775
5,70270775
19,70285697
5,70285697
19,70118799
5,70118799
19,80215782
5,80215782
19,80144152
5,80144152
19,80039662
5,80039662
21,70003680
21,80192065
21,80208295
21,80097641
21,80244683
21,80123792
21,81123826
21,80172145
21,80066429
21,70301620
21,81025403
21,80194946
21,80158270
21,80124727
21,80079427
21,70284281
21,70205634
21,80128690
21,80183089
21,701346
21,80992111
21,80232095
21,80144311
21,80238711
21,80241474
21,60023237
21,80991872
21,81091378
21,80994596
21,80123950
21,80144280
21,80170720
21,80230265
21,70236010
21,81006826
21,80160935
21,80226279
21,80134885
21,80192015
21,80141787
21,80244123
21,80144144
21,80032640
21,80191236
21,81140259
21,80124724
21,81060096
21,80134887
21,80192135
21,80238391
21,81094801
21,70055221
21,80106737
21,80162246
21,80098284
21,80215730
21,80160814
21,80216215
21,70242938
21,81013509
21,80081863
21,80183088
21,80988257
21,80149145
21,70205712
21,80211572
21,70205710
21,80991827
21,80183197
21,80124726
21,80029102
21,80100933
21,80162192
21,81006825
21,80183198
21,80030346
21,80124725
21,80124728
21,70205714
21,80990725
21,80237428
21,80170690
21,80081958
2,70044883
21,70044883
2,80244681
21,80244681
2,80244682
21,80244682
2,81002145
21,81002145
2,70213466
21,70213466
2,80075820
21,80075820
2,80160504
21,80160504
2,80192014
21,80192014
2,80222248
21,80222248
22,81002601
22,80203776
22,81002592
22,81075519
0,80099753
6,80099753
0,80166318
6,80166318
0,80161029
6,80161029
17,80103311
23,80103311
17,80105690
23,80105690
24,81172757
24,81172754
24,81165770
24,80082739
24,81165786
24,81172895
24,81074015
24,80208908
24,81172903
24,80208830
24,81172909
24,81172740
24,81172758
24,81172897
24,81172723
24,80105672
24,81165771
24,81191666
24,80032842
24,81172908
24,81172747
24,80168301
24,80126997
24,81172721
24,81030789
24,81172848
24,81172727
24,81172830
24,81172911
24,81165772
24,81165769
24,81172902
24,81213148
24,81172901
24,81172728
24,81172899
25,80199051
25,80152537
25,80204451
25,80220655
25,70204970
25,80156799
25,80103331
25,80212301
25,81033473
25,80041089
25,60024788
25,70012316
25,80992787
25,80175351
25,80175348
25,70205024
25,70304256
25,70205012
25,70304252
25,80191369
25,80173711
25,80198794
25,80138672
25,70302573
25,80992853
25,80239462
25,80996957
25,80159876
25,80145805
25,70036200
25,80986797
25,81086718
25,80186475
25,80217130
25,81000505
25,80221272
25,70260383
25,80093820
25,70177034
25,80205563
25,70276596
25,80115466
25,80063025
25,80230018
25,80226927
25,80103318
25,70299043
25,80003477
25,80159732
25,80175619
25,80174974
25,70205014
25,80039789
25,70266998
25,80043576
25,81046846
25,80038207
25,70050576
25,81008536
25,80223226
25,80990464
25,80095626
25,70105699
25,80175350
25,80040330
25,80170687
25,80067618
25,70275937
25,80040089
25,70300472
25,80180373
25,80002074
25,70258995
25,80009361
25,80180849
25,70204989
25,80992137
25,70273371
25,70108386
25,80009097
25,80239860
25,81002951
25,80180376
25,80149259
25,80997339
25,81153751
25,80002073
25,60036794
25,80057968
25,80090673
25,70204995
25,70213196
25,80179831
25,80233218
25,80050063
25,80205232
25,80153226
25,80075178
25,70018513
25,80007912
25,81133621
25,81002451
25,80174280
25,70204981
25,80117291
25,80997338
25,70297439
25,81033445
25,81006261
25,70052492
25,70302572
25,80040118
25,80040119
25,70204955
25,80117781
25,70204980
25,80174918
25,80094557
25,81092491
25,80090370
25,80182123
25,70291121
25,81010662
25,81028791
25,80189183
25,81068687
25,80186926
25,70267476
25,70309457
25,80174917
25,70124999
25,70301578
25,81104406
25,81093113
25,80213536
25,80241960
25,80242950
25,80097594
25,70201870
25,80057749
25,80216146
25,80175822
25,80178543
25,81019771
25,70074559
25,80113037
25,81033516
25,80228274
25,70101321
25,80045673
25,80065146
25,80198505
25,80192244
25,80006149
25,80075828
25,80202539
25,80016571
25,80132738
25,80067942
25,80185145
25,70204963
25,80217733
25,70208801
25,80092878
25,70305217
25,80156387
25,80161848
25,80198623
25,70213120
25,80223731
25,80214010
25,80990612
25,80242916
25,80021983
25,80196657
25,70204957
7,80156408
6,80156408
2,80156408
7,80187228
6,80187228
2,80187228
7,80115346
6,80115346
2,80115346
7,80037280
6,80037280
2,80037280
7,80216172
0,80216172
26,80216172
17,80216172
2,80119815
27,80119815
7,80119815
28,80017275
7,80017275
0,80017275
18,80017275
0,70118953
29,70118953
17,70118953
2,70118953
30,70118953
6,80092885
2,80092885
6,80025273
2,80025273
6,70259208
2,70259208
6,80115102
2,80115102
6,60033300
2,60033300
6,80096545
2,80096545
6,80164212
2,80164212
6,80209608
2,80209608
6,81083880
2,81083880
6,80100105
2,80100105
6,80142103
2,80142103
6,80027041
2,80027041
6,80202146
2,80202146
6,80105699
2,80105699
6,80216834
2,80216834
6,70306305
2,70306305
6,70177067
2,70177067
6,70253594
2,70253594
6,80036165
2,80036165
6,80080768
2,80080768
6,80125512
2,80125512
6,70306702
2,70306702
6,80224167
2,80224167
6,70136114
2,70136114
6,80102579
2,80102579
6,80198988
2,80198988
6,80186862
2,80186862
6,70221672
2,70221672
6,70098902
2,70098902
6,70264612
2,70264612
6,80209061
2,80209061
6,80125782
2,80125782
6,80171023
2,80171023
6,80240537
2,80240537
6,80094648
2,80094648
6,80103734
2,80103734
6,80149143
2,80149143
7,80149143
6,80167667
2,80167667
7,80167667
2,70117312
7,70117312
6,70117312
25,70117312
25,81174992
6,81174992
10,81174992
31,81049578
31,81079322
31,81049612
31,81082781
31,81003648
18,80209356
18,80094273
18,80220677
18,80182950
18,80224150
18,81033895
18,80044965
18,80227777
18,80164752
18,80152742
18,80151962
32,80067522
2,80067522
33,81026915
33,70286901
33,81004162
33,80166472
33,80119379
33,80166481
33,80008583
33,81011059
33,80192149
33,81025391
33,80226619
33,81041414
33,80166471
2,80168230
11,80168230
34,81168348
34,81168342
34,81168344
34,81168346
34,81221851
34,81204911
34,80225020
34,81168345
34,80126566
34,81168341
34,80237300
34,81168343
35,81164636
2,81164636
35,80188120
2,80188120
35,80081372
2,80081372
14,81041273
14,81016408
14,80160081
14,81001000
14,81041272
14,80144119
14,80198350
14,80144408
14,80117627
14,80061797
14,80992231
14,81150338
14,80141788
14,80206917
14,80211634
14,80081537
14,80245268
14,81179693
14,80152155
14,80172284
14,80148275
14,81041271
15,80106138
15,81164752
15,80994162
15,81064730
15,81026329
15,80114804
15,80190946
15,81151079
15,80244019
15,80106140
15,70274390
15,80106137
13,81137484
2,81137484
2,80045811
0,80045811
2,70257860
0,70257860
2,70117299
0,70117299
2,80994807
0,80994807
2,81045720
0,81045720
2,70278931
0,70278931
2,70100412
0,70100412
2,70099119
0,70099119
2,80044566
0,80044566
26,80195964
2,80195964
6,80195964
26,70039185
2,70039185
6,70039185
2,70060010
36,70060010
2,80061160
36,80061160
2,80201039
36,80201039
2,60033312
36,60033312
2,70098899
36,70098899
2,60031232
36,60031232
2,60030245
36,60030245
2,70125232
36,70125232
2,70301367
36,70301367
2,70044594
36,70044594
2,70132722
36,70132722
11,81137482
13,81137482
0,81137482
37,81137482
38,81137482
0,80158104
2,80158104
0,80221677
2,80221677
0,70180088
2,70180088
0,70136074
2,70136074
30,81026986
30,80202605
30,81158575
30,81074140
39,81035889
39,81035840
39,81035883
39,81035851
39,81035837
39,81035848
39,81049707
39,81035887
39,81035861
39,80215154
39,81035835
39,81035855
39,81035846
39,81035872
39,81035875
39,81044300
39,81035876
39,81049511
39,81049774
39,81035870
39,81035849
39,81065786
39,81035884
39,81035859
39,81035860
39,81035881
39,81035880
39,81035878
39,81035854
39,81035843
39,81049674
39,81035863
39,81065784
39,81049544
39,81035836
39,81035877
39,81035845
39,81035888
39,81035842
39,81035856
39,81035874
39,81035858
39,81035844
39,81035882
39,81035871
39,81035862
39,81035873
39,81035841
39,81035865
39,81049811
40,80111554
40,80188969
40,81179882
40,81072752
40,80140938
40,80112077
40,70303291
40,81020716
40,81000509
40,80158044
40,81020668
40,81032867
40,80108494
40,80112079
40,80108844
40,80108847
40,80112186
40,81032873
40,81122206
40,81020728
40,80111845
40,80203920
40,80185369
40,80133781
40,81210770
40,81032872
40,80189209
40,80134078
40,80189208
40,80184595
40,81072919
40,81034612
40,80140490
40,80111881
40,81072883
40,80111683
40,80111275
40,80140364
40,70303288
40,80141033
40,81004113
40,80108773
40,81020653
40,70303289
40,80188935
40,81072829
40,80134109
40,70303287
40,80106611
40,80111818
40,80109038
40,80111273
40,80140362
40,81072951
40,81045891
40,80140617
40,81179844
40,80112075
40,81191473
40,80233664
40,81045888
40,81072917
40,81072807
40,81072852
40,80116939
40,80108846
40,80111650
40,81179821
40,80111556
8,81014988
26,81014988
41,81014988
36,81028560
36,80195198
36,80233611
36,80164392
36,80241616
36,80243216
36,80198950
36,81028574
36,80244190
36,80198635
36,80165437
36,80188823
36,80227090
36,80221498
36,70290905
36,81018141
36,80187107
36,80211136
36,80221999
36,80133187
36,81025251
36,80108495
36,80224184
36,80220085
36,60000677
36,81023011
36,80217769
36,80025702
36,80195522
36,80106265
36,81015524
36,80224312
36,80185803
36,80244709
36,81003997
36,70281343
36,80118532
36,80081278
36,81103517
36,80002999
36,80104552
36,80241537
36,70180051
36,70242568
36,80144453
36,81024716
36,80104022
36,80078037
36,80066806
36,80191239
36,80156047
36,80205065
36,80057609
36,70301553
36,80198055
36,80994108
36,80994282
36,80156369
36,80013249
36,81014647
36,81108479
36,80204929
36,80134682
36,80204927
36,80222326
36,80005756
36,80988262
36,60000545
36,70221084
36,80118289
36,80103006
42,80184974
0,80184974
2,80061314
43,80061314
28,80164206
28,80114499
28,80114498
28,80118004
28,80131415
28,80180182
28,80133200
28,81083590
26,80015154
26,81059956
26,70114977
26,81051688
26,80202465
26,70056425
26,80178971
26,80082749
26,80094357
26,80191219
26,80162197
26,80136332
26,80106786
26,80135631
26,80158247
26,80104622
26,80117532
26,80014996
26,80093295
26,81011957
26,80141254
26,80157797
26,81030855
26,80998296
26,81044248
26,70118125
26,80141253
26,80189522
26,80015280
26,80245626
26,80218448
26,80141337
26,80141781
26,80224476
26,80136321
26,80217772
26,80200596
26,80097516
26,81021447
26,80178882
8,80156938
44,80156938
8,80157134
44,80157134
23,80103425
17,80103425
23,81023638
17,81023638
23,70266992
17,70266992
23,80141891
17,80141891
23,80184770
17,80184770
23,80245357
17,80245357
23,81005401
17,81005401
2,80183897
19,80183897
2,60023856
19,60023856
7,80121855
14,80121855
35,80121855
45,80121855
2,80121855
23,80168028
3,80168028
17,80168028
0,80168028
26,80200913
2,80200913
14,80200913
23,80239700
23,80115297
23,80223098
23,80159025
23,80104237
23,70041893
23,81042948
23,80192137
23,80192064
23,80993656
23,80149575
23,70074315
23,81084225
23,80112916
23,80220541
23,81106517
23,81037237
23,80087857
23,81105522
23,80241044
23,80191990
23,81045308
23,70084328
23,80993684
23,80115152
23,80190990
23,80142140
23,81162089
23,81021098
23,80994020
23,70266171
23,80125593
23,80223153
23,80192138
23,80156767
23,80191555
23,81105406
23,80192139
9,80114155
28,80114155
2,80114155
29,81110383
29,80128337
7,80031666
46,80031666
2,80031666
47,80180601
47,81031178
47,81015153
47,81020161
47,80163265
47,81049950
47,80163366
47,81047510
47,80163407
47,81049260
47,81044608
47,80202376
47,81066961
47,80202454
47,81044607
47,80163368
47,80136795
36,80170862
2,80170862
36,80025390
2,80025390
36,80119555
2,80119555
36,80165247
2,80165247
36,70063484
2,70063484
36,80134440
2,80134440
36,70266679
2,70266679
18,80041653
48,80041653
5,80170301
8,80170301
49,80170301
42,80240840
2,80240840
42,80108149
2,80108149
7,80164032
19,80164032
7,81004460
6,81004460
14,81004460
17,81038598
0,81038598
17,80239565
0,80239565
17,80199806
0,80199806
17,80167647
0,80167647
17,80109296
0,80109296
50,81010863
50,70123648
50,81031181
50,80084834
50,80206696
50,80011541
50,81165325
50,80175332
50,81010872
50,80094723
50,70090072
50,80092925
50,80100268
50,80044888
50,80218962
50,80075018
50,81010870
50,80188883
50,80160692
50,81010874
50,81036745
50,80049193
50,70060865
50,70110919
50,80085013
50,81010866
50,81144912
50,81010864
50,81010873
50,81036539
50,81010867
50,81010871
50,80145621
50,70127628
50,80150350
50,81010869
50,80050106
50,80157890
50,81010865
50,80065327
50,80222787
50,81066244
50,80236341
50,80162503
7,80191963
8,80191963
2,80191963
7,80145086
8,80145086
2,80145086
0,80224362
1,80224362
5,80224362
2,80224362
21,80226962
2,80226962
21,80153894
2,80153894
21,80107030
2,80107030
21,80240715
2,80240715
21,81034775
2,81034775
21,80005332
2,80005332
21,70124268
2,70124268
21,80046347
2,80046347
21,80997085
2,80997085
21,80244679
2,80244679
2,80067754
16,80067754
7,80066073
26,80066073
6,80066073
33,80990221
34,80990221
51,80990221
51,80202352
2,80202352
17,80235268
37,80235268
52,80035689
52,80999091
52,80108473
52,80035684
52,80992501
52,80035685
52,80205595
52,80992500
52,80220145
52,80192136
52,80036140
52,70205713
52,80230435
52,80120640
52,80191988
52,81196441
52,80220422
52,80992499
52,80192062
52,81091381
52,80036662
52,81022683
52,80025923
52,80133153
52,80205594
2,70021654
42,70021654
2,80185065
42,80185065
2,80195378
42,80195378
2,80185048
42,80185048
2,70039175
7,70039175
26,70039175
2,81078456
7,81078456
26,81078456
53,81075461
47,81075461
6,80017261
54,80017261
2,70295169
17,70295169
26,70295169
39,81043190
41,81043190
2,81043190
45,80991025
45,81020005
45,81043753
45,80118982
7,81035748
2,81035748
20,81035748
2,80167699
55,80167699
2,80218973
55,80218973
7,80236357
56,80236357
1,81034575
54,81034575
0,81034575
21,80226951
23,80226951
7,80232279
6,80232279
2,80232279
57,80232279
2,81035749
7,81035749
20,81035749
16,80148162
2,80148162
48,80218111
48,81228864
48,81227195
48,80155792
48,81172729
2,70125931
5,70125931
2,80104316
5,80104316
2,80233085
5,80233085
2,70084795
5,70084795
2,80103336
5,80103336
15,80089199
11,80089199
48,80089199
7,80992769
34,80992769
2,80992769
58,80126016
58,81023023
58,80085567
58,80162195
58,81077874
58,80189791
58,80992672
58,80155790
59,80193423
2,80142617
17,80142617
2,80103313
17,80103313
2,81077862
17,81077862
36,80161216
30,80161216
36,80190841
30,80190841
36,80222177
30,80222177
36,80115858
8,80115858
8,80158547
47,80158547
6,80211540
8,80211540
4,80211540
2,80211540
30,80211540
14,80075009
0,80075009
14,70293820
0,70293820
14,80100945
0,80100945
14,81080942
0,81080942
26,80148070
60,80148070
15,80148070
12,80155812
0,80155812
26,80155812
34,80155812
2,80240972
35,80240972
7,80240972
6,80240972
61,80103282
39,80147323
0,80147323
28,80210932
62,80210932
2,80210932
11,81168338
0,81168338
34,81168338
2,60002273
26,60002273
6,60002273
2,60027701
26,60027701
6,60027701
2,1181661
26,1181661
2,70058016
26,70058016
2,70021634
26,70021634
2,60022265
26,60022265
2,60003242
26,60003242
2,70103762
26,70103762
2,80223052
26,80223052
2,70019004
26,70019004
2,70023961
26,70023961
2,70117577
26,70117577
2,80120740
26,80120740
2,70044870
26,70044870
2,70042687
26,70042687
2,80022276
7,80022276
36,80022276
2,70283202
7,70283202
36,70283202
2,70095135
7,70095135
36,70095135
2,70119812
7,70119812
36,70119812
34,81168340
56,81168340
26,60003540
2,60003540
26,70101697
2,70101697
26,80097390
2,80097390
26,80100172
2,80100172
26,70108777
2,70108777
26,28631029
2,28631029
7,70170051
0,70170051
2,70170051
7,80223371
0,80223371
2,80223371
7,80057599
0,80057599
2,80057599
2,60034571
63,60034571
7,60034571
2,80215922
38,80215922
2,80227995
38,80227995
2,80097389
38,80097389
8,81217749
2,81217749
8,80107370
2,80107370
8,80188777
2,80188777
8,81025908
2,81025908
8,81065331
2,81065331
8,70170181
2,70170181
8,80115328
2,80115328
8,70150437
36,70150437
0,80062096
6,80062096
1,80062096
2,60021787
14,60021787
2,70271592
14,70271592
2,80020971
14,80020971
2,80147971
14,80147971
2,70257412
13,70257412
6,80150246
18,80150246
2,80150246
2,80017272
0,80017272
6,80017272
31,80017272
64,80017272
29,80116741
0,80116741
0,80187223
7,80187223
28,80106036
26,80106036
7,80163353
6,80163353
25,80163353
2,80097248
33,80097248
65,80098709
2,80098709
0,80098709
2,80216180
25,80216180
2,81075744
25,81075744
2,70213235
25,70213235
2,70184128
25,70184128
2,11819467
25,11819467
2,70129415
25,70129415
2,80992228
25,80992228
2,80195357
25,80195357
2,60031236
25,60031236
2,81143771
25,81143771
2,70140447
25,70140447
2,70205018
25,70205018
2,80231373
25,80231373
2,80131479
25,80131479
13,80113667
0,80113667
13,80194289
0,80194289
62,80216988
62,80114869
62,80156405
2,70065096
7,70065096
6,70065096
2,80057250
7,80057250
6,80057250
23,80236993
65,80236993
5,80142222
19,80142222
5,80135353
19,80135353
5,70118801
19,70118801
5,70043379
19,70043379
5,80188596
19,80188596
5,80003479
19,80003479
5,81010962
19,81010962
5,80145625
19,80145625
5,80156927
19,80156927
5,81098013
19,81098013
5,80114989
19,80114989
5,80209866
19,80209866
5,70216819
19,70216819
5,80076698
19,80076698
5,81034600
19,81034600
48,70113005
2,70113005
58,70113005
6,70113005
41,80169611
41,81046255
41,80117533
34,80109551
2,80109551
34,80189685
2,80189685
34,80205593
2,80205593
18,80230507
6,80230507
14,81004245
29,81004245
0,81004245
26,81004245
21,80991809
15,80991809
45,80097475
2,80097475
7,80097475
0,81082007
43,81082007
1,81082007
26,60020826
6,60020826
2,60020826
6,81177504
28,81177504
5,80239961
20,80239961
19,80239961
3,80217495
3,80227672
2,80048218
30,80048218
2,70112731
30,70112731
2,60022645
30,60022645
17,80196379
1,80196379
29,80196379
2,80196379
5,80196379
7,80196379
53,80245262
2,80245262
53,80219917
2,80219917
7,60023606
26,60023606
6,60023606
2,60023606
36,80057611
6,80057611
36,80208104
6,80208104
36,70267398
0,70267398
26,80194610
7,80194610
26,80028357
7,80028357
14,80204616
2,80204616
14,80007778
2,80007778
14,60031884
2,60031884
2,70121502
58,70121502
7,70121502
7,70087538
26,70087538
2,70087538
2,70135899
36,70135899
21,70135899
2,81215438
10,81215438
25,81215438
0,80085566
66,80085566
2,80085566
7,70243692
36,70243692
6,70243692
2,70243692
0,80115031
64,80115031
67,81132624
26,81132624
1,81132624
2,70293315
17,70293315
65,70293315
45,70293315
30,81037898
2,81037898
7,81037898
2,70124331
18,70124331
2,70259177
18,70259177
36,80075824
68,80075824
23,81034946
2,81034946
21,81034946
11,81016361
11,70285368
11,80105691
11,80045203
11,80058427
11,70084180
11,80226076
11,80193978
11,81073387
11,81050118
11,80124091
11,80202183
26,80208213
0,80208213
33,80208213
2,449931
14,449931
7,449931
69,449931
19,80017280
2,80017280
19,70056441
2,70056441
19,60036838
2,60036838
2,60021796
7,60021796
14,60021796
2,60031247
0,60031247
6,60031247
17,60031247
14,81150305
1,81150305
0,81150305
2,70114021
7,70114021
0,70114021
2,70084791
7,70084791
0,70084791
2,80025495
7,80025495
0,80025495
7,70084775
8,70084775
7,70236586
8,70236586
58,70060017
7,70060017
36,70060017
7,70266675
5,70266675
2,70266675
9,80080145
2,80080145
6,81217438
8,81217438
6,80032364
8,80032364
8,80032097
6,80032097
53,80157645
53,70270949
53,80989867
53,80196589
53,80157567
53,80157390
53,81036533
53,80156950
53,80157244
53,80157717
53,81036535
53,80157714
53,81036532
53,80160125
2,70142542
6,70142542
7,70142542
21,80059440
0,80059440
7,80215139
1,80215139
38,80215139
2,80176707
8,80176707
2,70172928
8,70172928
2,80172938
8,80172938
2,70251896
8,70251896
2,80041337
8,80041337
2,80014637
8,80014637
6,80189866
25,80189866
2,80189866
14,80244782
29,80244782
70,80244782
34,80244782
65,80234464
65,80161232
65,80241666
65,80170109
65,81141694
65,80164077
65,80192063
65,80191989
65,80159714
65,80209722
65,80170245
65,80209558
52,80047032
2,80047032
7,80160033
4,80160033
1,81004374
15,81004374
1,80225312
15,80225312
7,80148223
35,80148223
33,80148223
7,80117765
48,80117765
2,80100106
10,80100106
5,80100106
2,80196221
10,80196221
5,80196221
32,80990658
11,81077851
17,81077851
17,70154110
21,70154110
0,70154110
23,80233511
14,80233511
23,80103424
14,80103424
7,81110389
9,81110389
11,70253596
0,70253596
2,70253596
38,70253596
52,80028965
21,80028965
2,80028965
52,80047031
21,80047031
2,80047031
42,80157564
71,80157564
65,81039410
23,81039410
8,70287630
26,70287630
0,70287630
17,80082660
0,80082660
3,80082660
10,70270364
42,70270364
14,80232894
2,80232894
23,80232894
2,80233493
48,80233493
2,81213153
48,81213153
2,70060018
48,70060018
53,80115133
0,80115133
2,80169548
36,80169548
72,80169548
7,80169548
17,80173605
29,80173605
30,80095233
60,80095233
7,70113532
6,70113532
0,70113532
2,70113532
2,80046599
65,80046599
2,70260374
65,70260374
55,80190283
2,80190283
55,80190180
2,80190180
55,80124099
2,80124099
28,80174617
26,80174617
38,80174617
8,81077597
25,81077597
41,81004270
2,81004270
73,81044496
2,81044496
7,80148210
17,80148210
2,80148210
26,80148210
2,80105067
32,80105067
21,80188579
67,80188579
6,70129463
2,70129463
8,70129463
7,70129463
50,80222896
64,80222896
15,80144454
1,80144454
26,80144454
60,80144454
59,70204282
52,70204282
13,80135149
15,80135149
2,80135149
52,80135149
41,80135149
26,80135149
41,81059944
68,81059944
2,81059944
11,80013550
7,80013550
48,80013550
38,80013550
1,80013550
2,80135296
74,80135296
66,70175439
0,70175439
30,80017021
2,80017021
30,80204923
2,80204923
1,81054827
1,80092409
1,80114919
1,80142550
1,81027195
1,80206360
7,80000644
25,80000644
2,80000644
7,60029366
25,60029366
2,60029366
7,70020296
25,70020296
2,70020296
30,81013990
7,81013990
8,81013990
2,81024308
40,81024308
7,80156538
2,80156538
42,80156538
38,80208373
38,80226021
38,80191000
38,80211703
38,80106337
38,80141270
38,80105085
75,80177414
75,80147758
8,80092884
0,80092884
8,80060060
0,80060060
8,80221637
0,80221637
8,70040077
0,70040077
8,80081274
26,80081274
8,70224999
26,70224999
76,80229829
37,80141173
17,80141173
40,60002907
19,60002907
2,60002907
5,60002907
7,80200047
77,80200047
78,81055395
23,81055395
79,80202728
80,80202728
81,80202728
48,80202728
2,80202728
26,70175127
82,70175127
46,80148927
46,80119382
3,81025973
17,81025973
21,81025973
0,81029736
54,81029736
6,81029736
17,80996787
0,80996787
14,80996787
0,80996790
5,80996790
25,80996790
2,80996790
7,80042309
0,80042309
6,80042309
1,80042309
2,80042309
52,80238434
21,80238434
83,81130373
10,80113201
2,80113201
10,80147923
2,80147923
10,80091936
2,80091936
10,81091957
2,81091957
10,80180171
2,80180171
10,70118155
2,70118155
35,80106139
35,80244929
35,80208084
35,80118092
35,80113612
35,80240277
35,81004164
35,80155902
35,80244547
35,81075239
35,81021294
35,80103470
35,80132792
65,80108952
23,80108952
0,80108952
17,80108952
2,80108952
33,80238351
17,80238351
15,80168227
2,80168227
4,80195901
5,80195901
2,80195901
2,80128245
6,80128245
18,80128245
2,80167644
62,80167644
23,81018067
2,81018067
2,70038131
0,70038131
7,70038131
25,70038131
7,70135893
2,70135893
36,70135893
26,81105525
2,81105525
38,81105525
2,80094358
6,80094358
25,80094358
84,80094358
38,80147988
2,80147988
38,81034980
2,81034980
38,80105356
2,80105356
65,80991026
45,80991026
35,80104706
38,80104706
26,80104706
15,80104706
31,80220816
60,80220816
85,81092768
85,81092767
85,81092909
85,81092766
11,80190515
38,80190515
35,80190515
2,80190515
29,80196584
2,80196584
29,80998908
2,80998908
67,80106038
38,80106038
28,80106038
86,80106038
26,80106038
0,70057994
7,70057994
8,70057994
14,81039323
0,81039323
29,81039323
0,80245121
54,80245121
2,80245121
8,80097355
7,80097355
5,80099089
19,80099089
2,80099089
53,81039161
25,81039161
0,81039161
7,80198632
34,80198632
50,81028404
53,81028404
2,70278930
5,70278930
19,70278930
6,80022605
21,80022605
26,80022605
48,80022605
7,80029901
58,80029901
2,81006594
13,81006594
8,81006594
87,81006594
5,81006594
7,70259259
26,70259259
7,80119233
26,80119233
7,80130521
26,80130521
5,80195962
2,80195962
7,80195962
88,80115874
89,80115874
26,80115874
42,80115874
64,80115874
26,80244472
36,80244472
26,80025553
36,80025553
5,80190463
2,80190463
36,80190463
33,80164164
2,80164164
18,80073823
6,80073823
7,80073823
2,80073823
36,80027378
7,80027378
6,80027378
6,70293661
17,70293661
0,70293661
7,70257413
11,70257413
6,70257413
89,70257413
23,80993650
0,80993650
26,80993650
29,70293812
7,70293812
2,70293812
23,80106928
65,80106928
45,80106928
26,80081277
0,80081277
54,80081277
7,80081277
2,80081277
40,81024041
5,81024041
0,81024041
2,81024041
26,80234791
14,80234791
11,80106989
7,80106989
26,70101345
7,70101345
2,70101345
2,70021661
42,70021661
7,70021661
19,70205125
40,70205125
89,80085300
88,80085300
51,80085300
90,80085300
2,70142888
0,70142888
14,70142888
7,70142888
91,81048551
91,81048548
8,81045052
49,81045052
7,80096786
60,80096786
64,80096786
66,80096786
28,70301484
11,70301484
38,70301484
62,80998427
38,80998427
1,80998427
2,70307659
8,70307659
30,70307659
8,81024718
9,81024718
29,80244855
92,80244855
14,80244855
26,80244855
0,80244855
16,81047898
53,81047898
16,81019144
53,81019144
7,70261978
2,70261978
17,70261978
26,70261978
27,70261978
6,70261978
7,80049171
2,80049171
17,80049171
26,80049171
27,80049171
6,80049171
7,80048250
2,80048250
17,80048250
26,80048250
27,80048250
6,80048250
7,70279637
2,70279637
17,70279637
26,70279637
27,70279637
6,70279637
17,80239629
1,80239629
17,70109891
7,70109891
2,70109891
2,70271454
7,70271454
0,70271454
26,70271454
25,70271454
7,70268449
39,70268449
2,70268449
2,70142824
8,70142824
47,70142824
40,70142824
6,70142824
7,70142824
7,80118718
17,80118718
1,80118718
26,60000878
2,60000878
7,60000878
6,60000878
44,80158543
8,80158543
18,80119140
7,80119140
14,80119140
2,80119140
41,80141338
42,80141338
7,70065107
18,70065107
7,70270745
18,70270745
2,80098203
27,80098203
13,80098203
31,80081960
64,80081960
14,70202600
48,70202600
56,70202600
36,70202600
2,70202600
7,80109128
2,80109128
83,80109128
13,80187188
8,80187188
5,80187188
2,80187188
16,81035731
10,81035731
53,81035731
2,70124183
6,70124183
0,70124183
13,60026106
0,60026106
26,60026106
2,523650
0,523650
21,523650
2,70100448
10,70100448
2,70000091
6,70000091
26,70000091
21,80161104
17,80161104
21,70050507
17,70050507
26,70128695
0,70128695
2,70128695
6,70128695
7,70128695
36,60022396
7,60022396
2,60029154
26,60029154
7,60029154
2,70110558
26,70110558
7,70110558
2,70103524
26,70103524
7,70103524
14,70103524
58,60004483
2,60004483
58,60004484
2,60004484
2,5670479
26,5670479
21,5670479
48,80066084
2,80066084
48,80222301
2,80222301
48,80016588
2,80016588
2,60020949
93,60020949
56,60020949
0,70045866
2,70045866
21,70045866
7,70307648
13,70307648
26,70307648
2,80084756
8,80084756
91,80084756
26,80197427
1,80197427
6,80192627
0,80192627
14,80192627
20,80192627
2,80192627
11,70297799
26,70297799
1,70297799
7,70297799
0,70297799
1,80097375
18,80097375
15,80097375
26,80097375
94,80097375
2,80144141
59,80144141
6,80036832
7,80036832
15,80036832
2,70213072
0,70213072
25,70213072
2,70213074
0,70213074
25,70213074
2,70213084
0,70213084
25,70213084
2,70184127
0,70184127
25,70184127
2,70213081
0,70213081
25,70213081
2,70213082
0,70213082
25,70213082
2,81044813
0,81044813
25,81044813
2,70213076
58,70213076
2,70213079
58,70213079
2,80084164
58,80084164
2,70213078
58,70213078
25,70213078
2,70213073
15,70213073
25,70213073
0,70213073
0,70287605
2,70287605
6,70287605
7,80214792
6,80214792
7,70124562
6,70124562
7,80217312
6,80217312
95,80209006
58,80178280
7,80178280
14,80168052
8,80168052
1,80038446
8,80038446
36,80038446
2,70252885
6,70252885
1,70252885
7,70252885
2,80123777
17,80123777
14,80123777
51,80214579
10,80214579
88,80214579
0,80170119
15,80170119
48,80170119
67,80170119
5,80039717
2,80039717
11,80016401
16,80016401
67,80016401
28,80016401
7,80016401
35,80016401
0,80016401
2,80016401
26,80016401
15,80016401
15,80108610
11,80108610
0,80108610
26,80108610
18,80217121
6,80217121
54,80217121
2,80217121
17,80152627
14,80152627
23,80152627
2,80222025
35,80222025
14,80222025
48,80222025
7,80013271
2,80013271
33,80013271
7,80159877
0,80159877
26,80159877
42,70120167
7,70120167
0,70120167
65,80157565
17,80157565
23,80157565
26,80157565
36,80007215
7,80007215
2,80007215
58,80007215
14,80007215
0,80007215
7,80168084
96,80168084
48,80168084
97,80168084
2,80168084
0,80013293
26,80013293
29,80013293
56,80106791
7,60022998
2,60022998
0,60022998
26,60022998
11,81048910
5,81048910
0,80106984
26,80106984
42,80106984
1,80106984
48,80170992
26,80170992
15,80170992
0,80170992
5,80154179
10,80154179
2,80154179
17,80149141
98,80149141
2,80098200
75,80098200
0,80109535
26,80109535
35,80988989
26,80988989
10,81224839
6,81224839
2,81224839
5,81224839
14,80221778
6,80221778
0,80221778
4,80184972
2,80184972
25,80196883
2,80196883
25,80154176
2,80154176
25,80132127
2,80132127
25,80208212
2,80208212
25,80164930
2,80164930
25,81001121
2,81001121
3,80185375
23,80185375
17,80185375
38,80097519
15,80097519
23,81094074
3,81094074
51,81094074
0,80098103
34,80098103
12,80120301
99,80120301
0,81037697
25,81037697
36,80052828
7,80052828
30,80052828
6,80052828
18,70295760
7,70295760
2,70295760
18,80107989
7,80107989
2,80107989
100,81157169
48,81157169
7,80174451
14,80174451
23,80174451
2,80174451
0,80164216
10,80164216
25,80164216
0,80163222
10,80163222
25,80163222
36,80046145
0,80046145
18,80046145
18,80058480
7,80058480
27,80058480
0,80058480
15,80058480
6,80190279
26,80190279
48,80190279
4,80039602
6,80039602
2,80039602
7,80058477
2,80058477
26,80058477
11,80058477
1,80058477
25,80058477
6,80013474
26,80013474
0,80013474
2,80013474
73,81213149
2,80018252
101,80018252
10,80106230
5,80106230
2,80106230
35,80098810
26,80098810
0,80098810
13,80093812
6,80093812
6,70243446
0,70243446
2,70243446
6,80091880
25,80091880
15,80091880
7,80191835
8,80191835
38,80191835
8,81037373
7,81037373
6,81037373
2,81037373
38,70229213
7,70229213
67,70229213
85,81149202
55,81149202
75,81149202
28,81002685
11,81002685
15,81002685
38,81002685
19,80106306
5,80106306
2,80106306
6,80208746
0,80208746
8,80173001
21,80173001
95,80171247
26,80171247
0,80171247
8,80201828
29,80201828
30,80191513
85,80191513
2,80135563
102,80135563
47,80183878
53,80183878
19,80183878
0,80138681
5,80138681
6,80138681
5,80234491
25,80234491
7,80155475
0,80155475
1,80155475
2,80155475
5,80226089
7,80226089
17,80173176
26,80173176
6,80163159
17,80163159
0,70275600
1,70275600
17,70275600
11,70298926
26,70298926
1,70298926
7,70298926
0,70298926
38,70298926
5,81147910
40,81147910
35,70285728
26,70285728
34,70285728
54,70285728
1,70285728
0,70285728
2,70285728
67,80243728
26,80243728
8,81151880
12,81151880
8,81151878
12,81151878
8,81151877
12,81151877
7,80146805
0,80146805
1,80146805
7,80112518
0,80112518
1,80112518
17,80171982
21,80171982
17,80173606
21,80173606
36,80182274
103,80182274
25,80182274
60,80182274
21,80182274
104,80182274
58,80182274
50,80182274
48,80182274
38,80182274
2,80182274
3,80182274
2,80184661
23,80184661
2,70308278
105,70308278
106,70308278
8,81005454
66,81005454
7,80014727
10,80014727
2,70039168
26,70039168
36,70039168
23,80232892
0,80232892
26,70248183
2,70248183
19,70248183
53,70248183
65,80167646
0,80167646
48,80208951
5,80208951
2,80208951
15,80118918
1,80118918
2,70295170
20,70295170
17,80222823
52,80222823
7,80175352
48,80175352
36,80175352
2,80175352
55,80119177
12,80227115
8,80227115
14,80227117
12,80227117
61,80217848
107,80217848
39,80217848
31,80217848
108,80217848
19,70130142
5,70130142
53,70130142
6,70180293
7,70180293
2,70180293
6,80105452
7,80105452
2,80105452
6,80048940
7,80048940
2,80048940
2,80142316
36,80142316
5,80142316
36,80184682
58,80184682
7,70260989
28,70260989
11,70260989
26,70260989
38,70260989
48,80117684
2,80117684
26,80117684
11,80052683
97,80052683
2,80238655
36,80238655
48,80238655
7,80238655
5,80061161
26,80061161
8,80061161
2,80061161
7,70225722
2,70225722
27,70225722
14,70225722
26,70225722
37,80180225
0,80180225
34,80180225
2,80180225
7,80189853
5,80189853
6,80189853
16,80189853
53,80189853
2,80189853
7,80176265
53,80176265
0,81041391
15,81041391
53,81041391
18,81088283
2,81088283
0,81088283
9,81052280
30,81052280
23,80202808
13,80202808
0,80202808
34,80202808
26,80202808
11,80202808
2,80049281
7,80049281
17,80049281
10,80049281
7,70099610
14,70099610
0,70099610
2,70099610
7,80131414
33,80131414
2,80166239
0,80166239
10,80166239
16,80166239
2,80025172
52,80025172
21,80025172
2,80020935
18,80020935
7,80020935
36,80107077
58,80107077
2,80107077
0,80171004
7,80171004
2,80171004
2,80028732
0,80028732
6,80028732
6,80213643
7,80213643
6,70210883
7,70210883
2,70205672
17,70205672
52,70205672
21,70205672
28,70221438
2,70221438
6,80027772
36,80027772
6,80101401
36,80101401
2,80107369
21,80107369
17,80107369
63,80107369
2,80023612
25,80023612
6,80023612
2,80000139
25,80000139
6,80000139
6,80198459
13,80198459
6,70252898
2,70252898
0,70252898
10,80101826
0,80101826
25,80987906
6,80987906
67,80138030
18,70136129
6,70136129
2,70136129
7,70136129
14,80152118
7,80152118
0,80152118
2,80153272
52,80153272
17,70288470
7,70288470
15,70302614
26,70302614
14,70302614
6,70302614
89,80226864
67,80145143
0,80145143
11,70252973
53,70252973
6,70252973
2,70252973
2,70177084
75,70177084
18,70177084
6,70177084
28,80092654
38,80092654
2,70296346
21,70296346
52,70296346
2,80095299
13,80095299
10,80095299
21,80095299
25,80095299
26,80095299
2,80156006
13,80156006
10,80156006
21,80156006
25,80156006
26,80156006
14,80079255
26,80079255
109,80162994
41,80162994
4,80162994
2,81145628
8,81145628
10,81145628
5,81145628
55,70304989
2,70304989
17,70304989
6,70304989
2,70304990
7,70304990
11,70304990
38,70304990
15,70299204
1,70299204
7,70299204
2,70299204
