movies_id,persons_id
80182597,0
80182621,5
80182621,0
80057969,6
80060297,16
80046728,22
80046727,30
70304988,31
80057700,41
80045922,49
80203094,68
70241607,69
80988892,75
80239639,82
80159586,93
80152447,104
81154455,119
81113928,128
81052275,136
81132437,143
80058026,155
70303496,166
80162141,173
80162141,174
80095641,182
80159880,196
81016044,207
80158838,196
81016045,218
70142798,218
70142798,227
70142798,228
70142798,229
70142798,230
70062814,218
70062814,229
80158839,246
80147760,249
80177405,258
81160036,266
81173255,275
81078908,281
80201906,288
80052612,302
81054495,321
70212504,332
80187061,343
80081155,353
80081155,354
70233894,372
81011955,379
80128722,390
80182115,396
80104068,401
80119349,409
80019931,417
81053893,425
81053892,425
81002850,442
81004470,450
80157072,459
81002864,467
81016750,477
81002866,487
80992039,493
80992039,494
80126507,495
81132443,504
80231903,518
81171121,534
81171121,535
81171121,536
81171121,537
81171121,538
81171121,539
81171121,540
81171121,541
81171121,542
81171121,543
80060037,560
60003155,568
81177238,583
80215923,614
80173625,636
80173625,637
80005444,652
80005444,653
80166318,655
80166318,656
80208155,677
80198423,692
80162144,693
81074113,711
80992496,713
81176200,736
80208906,749
80097321,756
80097321,757
80106966,758
81080769,768
70267838,778
80211380,792
80196586,800
80059432,808
81172721,817
81172727,825
70153543,836
81172728,845
80102952,887
80102952,888
80243600,894
81020523,915
81122669,937
81000389,948
81132439,960
80150502,989
80119815,1003
80119815,1004
80203776,1019
80143797,1022
80017275,1057
70118953,1070
70118953,1071
80190449,1075
80190449,1076
80163156,1091
80149143,1115
80987075,1132
80192815,1142
80066798,778
81147293,1161
80190588,1181
70124316,1183
70229037,1188
80037280,1195
80058248,1206
70117312,1224
80092885,1238
80108371,711
70129452,1245
80045805,1246
80045805,1247
81030342,1254
70054723,1258
81016326,1273
80227777,1278
81016317,1293
81016337,1300
81018234,1310
81018241,1315
81018235,1316
81018236,1322
81018237,1329
81018238,1339
81016339,1346
81016339,1347
80067522,1354
80192149,1365
80142637,1374
80168230,1389
80202129,1390
80088910,1400
80088910,1401
70290909,1404
80033772,1406
80033772,1407
80238013,1408
81089941,1411
81000011,1419
80217733,1427
80999985,1441
80999985,1442
80999985,1443
80999985,1444
80188120,1462
80164779,1469
81183572,1502
81037283,1512
80244973,1524
81132438,1536
81161230,1566
81002412,1575
81023636,1586
81023636,1587
80198046,1618
80106307,1620
70267728,1631
81001000,1650
80158670,1655
80244019,1659
80162143,1668
81060174,1674
70130445,1676
81001494,1686
81001494,1687
80991570,1694
80184129,1703
60000861,1713
1151375,1724
81137484,1733
81031008,1743
70099119,1745
70039185,1752
81165769,1761
70056433,1775
70113003,1782
60031232,1793
80032842,1761
81137482,1733
81137482,1810
70043308,1820
70043308,1821
81165771,1761
70044697,1839
70105368,1847
81141689,1857
1008581,1866
70058023,1878
81165786,1761
81165770,1761
70043303,1897
70136074,1903
1153194,1912
70112730,1921
81158575,1947
81065786,1954
70087541,1958
81004113,1967
81003984,1973
70024088,1980
81005312,1990
80082969,1997
80994130,2004
81019924,2013
81013710,2027
70077076,459
81014988,2041
80102950,218
70055221,2063
81005314,2076
80242828,2086
81004223,2090
80198730,2100
80999945,2111
81016043,2112
17672040,2123
20254278,2154
70276596,2168
80063025,2168
80184974,2195
80184974,2196
80156941,2154
70052492,2235
70036200,2235
70018513,2235
80158480,2251
80139506,2261
80205314,1340
80158545,2202
80156939,2288
80152537,2295
80045673,2295
70275937,2295
70101321,2319
70108386,2324
70074559,2330
80162197,2336
80184055,2343
80184055,2344
80160358,2345
80160358,2346
60034929,2348
80157134,2354
80157134,2288
80141891,2356
80141891,2357
80183897,2365
80177834,2373
80121855,2380
80190990,2357
80190990,2356
80173269,2392
80106140,1659
80114155,2414
80118841,2432
80102579,2433
80097438,2448
80103426,2483
70278877,2494
80244311,2495
81183570,2503
81016328,2512
80239503,2518
80031666,2525
80995737,2526
81020161,2541
80025390,2544
80196216,2554
80091741,677
80115464,2556
80041653,2562
81016338,2578
81002592,2586
81017724,2590
80170301,2606
80189623,2614
81177367,2629
81016318,1300
80168222,2668
81158574,2681
80237905,2692
81132440,2697
81021243,2710
81021243,2711
81004460,2712
81016330,1300
70105130,2722
81084225,2744
80203920,2746
80084834,2775
80208273,2793
80145699,2794
70266684,2798
81166978,2807
81177371,2815
80207446,2845
80207446,2846
80207447,2854
81016324,1300
80192097,2871
70185045,2879
70002129,2885
80191963,2889
80218099,2898
80199767,2908
80191665,2918
80161921,2920
81148672,2928
80092857,2937
80244679,2946
81110394,2947
80067754,2949
80189954,2937
80094648,2963
80066073,2966
80123740,2967
80123741,2974
80123742,2984
81000863,2997
81000863,2998
70082255,3007
80117454,3034
80095197,3036
80045783,3041
81123469,3053
80211622,3061
80990221,3070
80202352,3081
80235268,3091
80241061,3099
81025088,3100
80173479,3107
80081372,3114
81136744,3124
81132444,3137
80182014,3145
81078456,3163
81121023,3174
81018455,3178
81110383,3185
81018183,3217
80219941,3219
80219941,3220
80064515,3221
80062011,3229
80062011,3230
80062011,3231
80062011,3232
80062011,3233
80062011,3234
80062011,3235
80062011,3236
80062011,3237
80062011,3238
80062011,1820
80062011,3239
80062011,3240
81034741,3262
81075461,3272
81075461,3273
80205231,3279
80158919,3294
70299286,3306
70299286,3307
80017261,3313
80186796,3322
81071891,3324
80224536,3331
80017286,3340
70295169,3353
80039050,3358
81027753,3368
15815343,3370
70295176,3379
80131240,3397
80131240,3398
70170182,3400
70049619,3418
80211135,3428
70109884,3436
70176967,3443
70198040,3452
80038442,3459
80091310,3464
70114484,1300
80117443,3486
80010717,3488
81020005,3489
81020005,3490
81035748,3495
80135164,3178
80118101,3506
80118101,3507
80113669,3508
81191195,3528
80235999,3534
80235999,3535
80215419,3486
70118860,3548
80017240,3534
70118859,3548
80236778,3550
80236778,3551
80236470,3554
80236470,3555
699257,3546
80236574,3551
80988048,3560
80039069,3561
80046779,3567
80995687,3569
60001650,3570
81172848,3579
81034575,3587
80226951,3610
80232279,3621
80239666,3627
81011973,3639
80144152,3648
81035749,3495
81035750,3495
81035751,3495
80148162,3657
80171705,3677
81172729,3687
81172895,3693
80206910,3702
81132442,2545
81172723,3736
81172909,3758
80214706,3767
80994011,3768
81172902,3736
81047903,3784
80208635,3798
70125931,3799
70235768,3821
80177406,758
81081656,3840
81187847,3841
81053240,3842
80043834,3702
81157840,3857
80244900,3870
80211134,3872
70271601,3882
80204433,3914
80089199,3920
80043049,3921
80070182,3929
80070182,3930
80176234,3947
80992769,3961
81191228,3970
81025935,3984
81020508,166
80201824,3991
80203782,4000
80201829,4007
80126016,4015
80202089,4020
80203789,4031
80193423,4041
80202376,4047
80028360,4048
80203783,4053
80142617,4060
80201823,4067
80115858,4082
80158547,4090
80202090,4099
80203790,4107
80158391,4112
80211540,4120
80123743,4121
70258995,2168
70208801,4131
70260383,4131
80123744,4141
70105699,4163
70124999,4163
80990869,4188
80187205,4190
80097472,4196
80075009,4198
70280748,2556
81034012,4207
81034012,4208
81019031,4221
80155812,4234
80183198,4240
80158844,4242
80174434,3340
80075476,4254
80158148,4271
80216844,4290
80187722,4291
81021082,442
80191047,4300
80240972,4319
80103282,4326
80134526,4332
80127559,1847
80005501,4338
81132441,4341
81078819,4346
80223997,31
81191666,4352
81133621,4361
80147323,4403
81171871,4417
80210932,4425
81015317,4436
81015317,4437
80205204,3567
70235731,4442
80003481,4443
81168338,4444
81103033,4454
60002273,4464
70297962,4474
269880,4484
60029167,4484
60020891,4498
347365,4507
81166946,4524
70023961,4548
60027716,711
70287957,4564
81168345,4578
60020892,4586
81164752,4594
60028097,4605
70065112,4616
70083108,4631
70083108,4632
70184050,4643
81168347,4654
81003460,4664
81168348,4654
70095135,4687
81191254,4695
81168340,4696
60023597,3570
81002876,4708
70058017,4710
70058024,3768
70011211,3768
70271599,4722
70020699,4728
60003540,4737
60003540,4738
1181550,4750
70170051,4767
70021630,4779
70021630,4780
81043753,4792
60001761,4802
70041963,4807
70058025,4813
70058025,3229
70128696,4822
70077542,4833
81168342,4840
81165772,1761
510854,4853
60000921,4853
81168343,4885
70044605,4894
18021979,4898
18021979,4899
81168344,4905
70020750,3340
70105596,4922
60037022,4932
60034571,1839
70053456,4956
80173150,4965
81168341,4971
81168346,4885
80190101,5007
81024712,5010
70112494,1619
80215922,5020
70113305,5035
80032472,5041
81024703,5051
70181653,5058
80048200,5067
81025884,5068
80032474,5073
70127589,5086
80104130,5098
80032473,4082
70090035,5102
81024713,5109
70117268,5115
70211216,5124
70211216,5125
70140322,5127
81024696,4082
70303428,5132
81012407,5138
70125882,5139
70101039,5147
70123121,5151
80152182,5154
70229042,5158
70042756,5166
81024704,5073
80221498,5178
70229555,5181
70213515,5183
81018563,5190
81018565,5190
81024729,5204
80032477,5214
81024711,5217
81025908,5224
70303495,5228
70303429,5230
80084768,5236
80084767,5246
81024701,5250
80995576,5258
70292836,5259
70139542,5268
70039175,5276
70225597,5007
70123119,5287
70150437,5295
80084667,5301
70099118,5306
81024705,5318
80198771,5324
80062096,5335
80062096,5336
70291096,5343
70130483,5347
80031038,5352
80112370,5364
80112370,5365
70165189,417
70197459,5378
80095193,1142
70246439,5378
80158155,1142
80158155,5378
80158155,5365
80063617,5406
80202503,5415
80147971,5424
70257412,3340
80172937,3217
80135360,693
80135360,5441
70286355,5443
80150246,5449
80017272,1820
80017272,5461
80017272,5462
80017272,5463
80017272,5464
80017272,5465
80017272,5466
80017272,5467
80075828,5473
80095089,417
80208176,5494
80208176,5495
80116741,5497
80063290,5515
80063290,5516
80162195,5542
80106036,5544
80198687,5551
80163353,5561
80162246,5562
80162246,5563
80112371,5567
80112371,5568
80112371,5569
80208413,5584
80128277,5604
80094453,4431
70153553,5633
80107372,5190
80138584,5672
80106138,5684
80038288,5704
80109089,5713
80109089,5714
80061797,5716
70206821,5741
70206816,5751
60022914,5756
70206818,5759
70206820,5777
70206823,5783
70206824,5791
70206825,5797
70206826,5801
81029831,5809
80194289,5814
80191219,5826
80190859,5848
70243445,5885
70243445,5886
80201542,5893
81079723,5905
80236993,5921
80236993,5922
81002596,5939
81002597,5945
80148275,5949
80127886,5952
80080491,5964
60024976,5978
80173002,5988
81092045,5994
81034600,6014
80183783,6023
81209203,6024
81058497,6031
80167628,6033
81165326,6040
81053961,5124
80204460,3452
70209267,6080
70306305,6089
70262831,6096
70113005,6104
70052286,3340
80114460,6118
80196135,6120
80117461,6121
80117533,4300
80117533,6130
81197050,6138
81197050,6139
81213894,6141
80238204,6156
80230507,6170
80990725,6187
81016327,6197
81004245,6200
81033200,2541
81033200,6211
81039383,6229
81018377,6231
81021528,6238
80991809,6243
80097475,6248
80097475,6249
70117294,6250
70117582,6258
80163294,6268
81082007,6281
81172754,6291
81120982,6298
81227195,6303
81172841,6309
81172899,6321
81172908,6329
81172901,825
81033086,5124
60020826,6373
80226242,6378
70101696,6383
80995081,3569
81177504,6403
81177504,6404
80175798,4728
80239961,6435
80219019,6444
81062293,6451
80235524,2711
81215481,6460
81005044,6466
81005044,6467
80147529,6468
81018860,6472
81018860,6473
80217495,6138
80049871,6489
81218079,6491
81218079,6492
60028294,6497
80174220,6519
80174220,6520
80126449,6526
80103512,6527
60020948,6546
70235384,6557
569355,6565
60022645,6585
80225915,6557
80198859,6611
80159876,6678
81218074,6696
81218074,6697
80199682,6705
80203522,6712
80203522,6713
80107037,2004
80077402,6723
80107219,2004
60023606,6737
81026188,6757
80080109,3340
80080109,6764
80988835,6768
80208104,6775
80134827,711
80127558,6777
80158084,6779
80124725,4240
70267398,6785
80108983,6805
292118,6815
80221584,6829
70053833,3145
70122722,6837
70122722,6838
81217738,6843
80081990,6847
60004471,1866
60022413,6857
70058022,6875
60022502,4822
80028357,6890
81217739,6897
60031884,6899
28631236,6918
70121502,6927
506464,6940
60003508,4860
70105132,6031
60004083,6965
70087538,6979
60011552,6987
70044693,6994
70173046,7000
70039187,7005
70044686,7013
80989043,2937
81021831,477
81021832,467
70135899,7068
81215437,7076
81215438,7085
81215438,7086
81214187,7089
80160987,7095
81215439,7099
70292700,7114
81214214,7128
81020531,7135
80191051,7149
80242446,7150
80085566,7168
80124722,778
70243696,7180
70243692,7186
81073633,7193
70230138,5127
70230138,7203
70083532,3841
80177865,7206
80117534,1092
80115031,7214
80029708,7229
80029708,7230
80079470,7231
70127998,7237
80160759,7281
80209608,7282
80182622,0
80175694,7284
80016471,7289
81132624,7307
80013267,7308
80046819,7309
70293315,7318
80177400,7325
81037898,7334
81004099,7339
80200267,7346
80200267,7347
70113538,7361
80244457,7373
81196441,7382
81162089,7384
81217737,7394
81076114,5132
81076114,7398
80093820,7415
80183187,7422
70124331,7432
81217749,7456
80158800,6696
80158800,6697
70291121,7469
81035109,7502
81030893,3657
81035104,7518
80075824,7525
80075824,7526
81035108,7527
81028556,7541
81028574,7547
81028560,7547
80196044,7554
80122177,7560
80122177,7561
80136925,7566
70040076,7571
70040076,7572
80117532,7603
70260514,7605
80127995,6994
81156627,7610
80191804,6121
80004534,7627
70213466,7629
80222787,7632
80244848,4254
80147403,7645
80058424,7654
81078466,7661
80060034,459
80205085,7666
70117297,7673
81152923,7689
81171862,7695
80131563,2920
80107990,7707
80091658,7708
80237420,7727
70174733,5127
80183088,7748
80183088,4240
80198018,7749
80127990,7750
80134279,7761
70044870,7767
26597413,7777
80245356,7781
18002692,7795
81024100,7802
60027583,7807
80216003,7815
80216003,7816
60002033,7825
70046968,7833
81154982,7841
81063129,7848
81074542,7857
382650,7866
70044705,7871
449931,7875
81189912,7884
80215046,7890
60036838,7894
81179693,7906
485218,7913
1192866,7919
11819434,3542
81050375,7931
81050375,7932
70048968,7940
542137,7946
542137,7947
60021796,6497
60031247,2080
60000577,7972
80231468,7999
80153894,4243
70118779,1793
653673,8029
70117305,8037
701346,8049
70111489,8056
709163,8069
709380,8078
1150871,8087
70082264,8091
1179583,8104
70044595,8113
60011729,8120
60011729,8121
70044883,8126
22497725,8135
60021590,8120
70031792,8162
70100383,8173
60002403,8178
17236920,8187
923574,2606
81152930,8200
70058796,8213
70047101,4860
81189396,8223
81189396,8224
70093991,8225
60033247,8230
70060000,8238
70295067,6556
70031779,8252
1178866,7013
60033312,8187
81030409,8274
80182016,8282
684847,1921
81150305,8294
20557937,8298
20557937,8299
60027695,8298
60027695,8299
60031303,8298
60031303,8299
81170692,2946
60022980,8317
60003961,8321
70060005,8323
70084791,8344
81170694,8352
70123542,8357
70107499,8360
70123117,8364
80057750,7566
70229045,7566
70139073,8380
81024731,5170
70219525,5098
16914787,8397
81020543,8412
81020544,8412
80039595,8413
70123120,8414
70084775,8427
70114588,8431
70185139,8438
80232501,8445
80210147,8454
80224606,8456
80058851,5073
70241088,8479
70068799,3872
70229044,4020
70254349,8491
70254342,8493
80084838,8497
70254346,8499
70229040,5259
70056663,8506
80067906,3443
70071832,5098
70273401,7627
80097390,8518
70106268,8525
70109758,8542
70123126,8547
70303431,8551
70254351,8555
70275076,8558
80189997,8560
81015100,8564
81025404,8569
70060017,8577
70266675,8584
80155792,8586
70108590,8595
70185141,8601
80201826,8606
80158388,8614
80203778,8621
80201820,8626
80103312,8631
80205563,8638
80208211,8646
80203791,8647
80032364,8671
80203786,8674
80032097,8681
80174727,8696
80201827,8716
80179288,8722
80203780,8729
80211371,8497
80144358,8740
80097360,3506
80097360,3507
80006168,8766
60000545,8774
80025702,8780
80128692,8787
80128692,8788
80156369,8789
1145882,8797
70288423,8802
70290568,8806
70290568,8807
70141644,8809
81035836,8819
81044103,8824
81072917,8826
70142542,8831
81035845,8850
81035856,8854
81035857,8861
80134780,8865
80221308,8912
80213657,758
80217133,8918
80106754,8926
80059440,8927
81074375,8952
80116761,8963
80116761,8964
70118125,8965
80108613,8974
80215139,8975
81016592,8976
81067760,8982
70172928,6927
80101493,3567
80235472,9005
80177300,9020
80189866,2937
80106793,4823
80124727,4240
80124727,7748
80117263,9046
80087897,9058
70084180,9067
80195964,9086
80213024,9093
80210691,9094
80210691,9095
80244782,9096
80144280,9100
80209866,9108
80241666,9115
80167648,9122
80202874,9140
70109249,9146
80993095,9146
70045644,9164
70025612,9170
80160033,9177
81111849,9185
80083930,9191
80083752,9195
70185023,9199
70185023,9200
80189827,9219
80176144,9221
70202150,9222
81010699,9234
70299863,9243
80133554,9245
80208662,9247
80994596,9248
81031939,9266
81028570,9275
81035867,9284
80244640,9288
80999729,9295
80992499,9316
80148223,9325
80176342,5115
80038162,9330
80038162,9331
81087094,9332
80221447,6987
80221447,9338
70242063,9348
80063265,9370
81034931,9376
80167459,9393
80169348,9394
80164778,9395
80068327,8282
80087933,9401
80084666,9405
80192137,7748
80192137,4240
80195049,9411
80186850,6121
80117765,9415
81002195,9420
81046255,9422
80211638,9444
80220758,9458
81036190,9459
81036190,6875
80165083,9465
80134781,7661
80244680,9478
81057229,9479
80151384,9493
80131167,9518
80038335,7627
80011852,9551
80121348,9553
81011598,9561
81005364,9562
81076042,9564
81035880,9565
81103139,9575
70143369,9580
81096151,9609
70259801,1619
80990658,9624
80133663,9632
80117082,9633
81043473,3705
80182919,9644
80182919,9645
80115466,9664
80142223,9671
80080768,2963
81061407,9677
80161216,9682
80161216,9683
80218111,9688
81077863,9697
81077851,9697
81073590,9697
81103108,9698
80191050,9709
81041271,9710
80216758,9712
70083809,9720
80028529,9728
70154110,9737
80998967,9744
60021906,9761
70142827,9765
70149579,8542
70109375,9774
70289558,3872
81085319,9783
70117577,9786
20258084,9800
80233511,9806
80097814,9807
70241757,9812
80133551,2526
81110388,9815
81110388,9816
80220311,9824
81110389,9831
70111279,9843
81123050,9848
70035357,9866
80108481,9869
70153178,3872
70073018,9774
80243408,8360
80994418,9889
70050576,9896
80157133,2154
80107656,9921
80157083,9922
80059342,9932
24081514,2154
80157564,9943
80178078,9954
80178078,9955
80104330,9959
80104330,9960
81053958,9962
81094666,1694
81016247,9993
81065331,10002
80186940,3567
80120740,4822
81077874,10010
80117736,10017
80114666,10024
80114666,10025
80114666,10026
80157866,10028
80161029,10038
81039410,10047
81012340,10053
70242536,10061
80192065,7748
80192065,4240
80158319,10072
80158319,10073
80143556,7099
81092777,10080
81092779,10081
81092779,10082
81092776,10082
81092776,10090
81092778,10090
81092778,10082
80216541,948
80194950,1778
70261058,10122
70204288,10129
70293703,10138
80165853,10146
80161108,10153
80082660,10161
80028359,2937
81076049,10177
60031264,10179
81059956,10184
81059956,10185
81094667,10193
81069255,10200
81094083,10203
80208082,10207
81080637,10209
80197303,10211
81049260,10212
81017593,10217
81093342,10238
70056441,10246
419733,6373
419733,10250
81021631,10259
80241044,10268
80213148,10276
80993495,10283
80192548,10300
80232894,10307
80232894,10308
80103425,10315
80170875,10320
80990815,10325
80990816,10328
80990829,10340
80238110,10342
80241876,10343
80241876,10344
80990811,10346
80206732,10364
80990810,10368
80235767,10378
80236224,10381
80236224,10382
80990814,10383
80245268,10394
80223149,10416
80179373,10418
80233962,10422
80990813,3215
80220531,10437
80134149,10445
80115133,10450
80176698,1322
80165848,10464
70275753,10470
70275753,8542
70275753,9155
70275753,5035
70295762,10473
80165849,10474
80158395,9154
70275774,9761
80103430,10483
80103430,10484
80165850,10487
80103372,2378
80068117,8525
20764666,10500
80165851,10506
70129415,10509
70129415,10510
70129415,10511
70129415,10512
70129415,10513
70129415,10514
70129415,10515
70129415,10516
70129415,10517
70129415,10518
70129415,10519
70129415,10520
80095094,10525
80095094,10526
80156763,10528
80156857,6614
70268489,10540
80158588,10551
80178720,2433
80106505,10560
80169548,10563
80015785,10564
80097361,10572
80176716,10576
80132961,10581
80165857,10582
70258366,8431
80165732,10586
80165854,10591
80083589,10591
80032081,10597
17457962,10602
80182105,10606
80182105,10607
80165855,10608
70273637,8360
70176968,9562
80173605,10614
80173605,10615
80165856,10622
70308135,9866
80101903,10630
80102305,10637
80102305,10638
70176655,9962
80161848,10644
80209796,10659
80152434,10666
70309693,10672
80107737,10674
80098305,10676
80152742,10677
80107370,10687
70270362,10709
81074140,10723
80184676,10747
81024044,10753
60023618,4779
70113532,3542
70074299,10773
80995799,10782
80219143,10796
17687959,10797
80189630,10808
81010874,10823
80075018,10825
70260374,9115
80190180,10846
80190180,10847
80150002,10852
80079265,10853
80238080,10866
296682,2885
60037606,2885
516154,2885
80170187,1655
80174137,9475
80038296,8808
80011848,10908
70100381,10913
80221560,10940
80200961,10945
80214580,10955
80049193,10969
81004270,10987
81004270,10988
80224924,1618
70051671,10992
80144408,10998
81038545,11007
80235932,11022
80235932,11023
80235932,725
80235932,724
80176592,11044
80170381,11052
80142103,11055
80152842,11062
80049928,11067
70296765,11069
80119190,11071
80119190,11072
80119187,7173
80048568,11075
80119192,11081
60027945,11071
80119188,7173
60027942,11087
80115857,9243
70281026,11092
80119194,11115
80119191,11116
80119193,11115
80119193,11117
80119189,11071
80119189,7173
80119189,11120
80119189,11121
80119189,11122
80119186,11087
70013050,11071
70013050,11124
70022548,7173
80097423,11125
80097423,11126
70259177,11128
80117458,11141
80143362,11147
80201200,11153
80183197,7748
80183197,4240
80148210,11165
70128549,11173
70069233,11173
80018336,11182
80180509,11186
80145255,11192
70230147,11200
80105067,11211
81033429,11222
80188579,11231
80992232,11240
80145533,11268
80999977,11273
70129463,2261
80170767,11294
80134826,5127
81047902,11310
81047897,11317
80213803,11326
80175623,11328
81002880,2526
80222896,11331
81038046,11337
80101096,11343
80020132,11350
80020132,417
80206758,11351
80162210,11353
80126485,11355
80082242,11356
70202151,11359
80999996,11366
80999996,11367
80169617,11382
70204282,11403
80242378,11404
80171733,11417
80245408,11422
80044566,11425
80991158,11456
80191046,11473
80169469,11477
80148239,11484
80162503,11497
80157890,11524
80164752,11535
80135149,11537
80171965,2518
80100945,11542
70293820,11542
80195967,11545
81033107,6138
80144983,11568
80207444,11587
81033516,11593
81075235,11598
81072516,11598
80156212,10773
70296742,11626
81059944,11629
80095531,11630
80192139,7748
80192139,4240
80192063,7748
80192063,4240
80218656,11648
80095806,11659
80013550,11669
80058979,11675
80058979,11676
81037077,10852
81047798,11677
80189216,11683
80092781,2937
81019338,11695
80132964,11703
80117824,11708
80058460,11713
80076467,11722
80049951,11724
80049951,11725
80031800,11726
80017171,11733
80108984,11744
80135296,11762
80135296,11763
80158577,11764
70175439,11776
80204923,11788
80117831,11802
80223734,11803
70307848,11804
70105599,11805
60029366,11820
80100260,9962
80017170,11830
70028197,11836
81013990,11842
80171678,11846
81074015,845
81041273,9710
70108985,11863
81004374,11867
70045356,1188
70203594,1655
70203594,11886
70253171,1188
70109657,1655
70020728,11888
81031178,11924
81034771,11945
80239442,11952
80238299,11956
80201814,11958
80201814,11959
80192244,11967
80235957,11973
80226021,11976
80147758,11986
80201608,3454
80241537,11998
80241616,12007
80239642,12008
70041893,12017
80238298,12028
80238400,12036
80239738,12045
80239738,12046
80237300,12052
60021758,12062
70095265,8722
80164075,12070
80164075,12071
80164075,12072
80117240,12073
80098842,12082
80098842,12083
80092884,12093
80023794,12102
81060041,12114
80100268,11497
80206696,11524
81010870,12143
80226234,12146
80081274,12152
80134967,5127
80192187,12172
80135585,12178
80214087,3294
80216664,12203
80017535,12204
80219917,12223
80174144,12233
80220677,12244
80229829,12253
80141173,12255
80134515,12262
80134521,4341
80097003,12288
80134516,12296
80134606,3137
80134518,12316
80134330,4341
80038298,12325
80038298,12326
80134500,12325
80038353,4341
80038354,4341
80038439,4341
80134604,143
80134524,2550
80038355,12360
80038441,12360
80134433,12367
80134436,12262
80134514,1536
80134398,1536
80134520,12380
80134420,372
80134501,4341
80134399,1536
80160127,12404
80160127,12405
80134435,12416
80134519,12419
80134434,3137
80160357,12428
70299745,2545
80038527,2545
80038445,2545
81059183,12447
81024332,12449
81059444,12454
80987464,12455
80156925,12460
60002907,12467
80207473,12471
80990534,12477
70111265,12486
70111265,12487
70024098,12497
80071907,12504
70020730,12519
81045720,12537
70236016,12547
81069249,12552
81083971,12555
80200047,12559
80156772,12566
81016361,12573
81055395,12579
81055395,12580
70077556,12590
70100412,12615
60021299,751
70129374,12622
80184973,12644
70229921,11802
80236167,12658
80175151,12659
80232404,12667
60036746,12673
80214584,12678
17671454,12688
60036617,12694
80230555,12697
80230555,12698
70294790,12699
70063017,12688
60003401,3436
70021253,9761
70138498,12717
80188099,12722
70025303,12724
70048905,3400
80223195,12733
80236906,9761
80238297,12738
80235958,12744
17969262,12749
80223317,12752
70012334,12757
80184131,12758
80184131,12759
70291094,12772
70250369,12776
70250369,12772
80223230,3452
80059049,12749
60032008,3454
60037397,9800
80223228,12795
80238291,12804
80158247,12809
60035875,12820
70244982,8542
70065769,12824
70099702,12827
80238637,12832
80188777,12838
80238293,10608
80132381,12847
80023851,12699
70019491,5102
70304187,725
70304187,724
60001670,12749
80196367,12862
70134669,6231
80202728,12869
80023853,6141
80244078,7527
80238292,7527
80238190,12885
70304188,725
70304188,724
70304186,725
70304186,724
70304189,11173
70143440,11173
20717860,12895
80238295,12910
70125935,12918
60021903,12749
70001564,12688
80135631,12927
80135631,12928
70175127,12929
80172471,12933
80144119,12945
80165917,12953
70155788,12955
80134814,12968
80103424,12969
70285730,5035
80172469,12985
80092404,12995
80092850,13003
80103734,13021
81061410,13029
60024935,13038
80168189,13042
80244709,13053
80194946,13061
80159025,13066
81025973,10161
80121387,13082
80227090,13094
81113918,13097
81029736,13101
81051688,13106
81113921,13113
80173387,13125
81013112,13127
81013112,13128
70290904,13129
81030855,13146
81035852,13153
80079473,13157
80018328,1379
80996787,11776
81035881,13166
81035843,8854
81035837,13174
80039136,13178
81035884,13187
81035863,13189
81035858,13199
81035882,13189
81035847,13206
81035859,13212
81035859,13213
80223226,7415
81076055,13217
80996790,13226
80996790,13227
70181716,13230
80186608,13238
80042309,13246
80169554,13249
80114804,13253
80237423,6121
70304298,13255
70304298,13256
70117293,1729
80121841,13264
81093122,13272
70293788,13278
81039384,13279
70245034,3567
80220676,13283
80109341,13303
80190144,13314
80052790,9221
80109145,3657
80109145,13320
80117455,13324
80132626,13330
80106124,13333
80106124,7661
81145270,13334
81128584,13344
80198478,13348
80191989,7748
80191989,4240
80238434,13358
80217569,13364
80015210,13374
80134080,13376
81130373,13393
81136964,13410
80233215,13424
80241779,13438
81060096,13459
81060096,3610
80994807,13461
80133553,13462
70236020,13464
81002747,13465
81002747,13466
81002747,13467
81075239,13470
81075239,13471
80192018,1980
80200015,5127
80161640,13501
80108952,13507
70308063,13511
80996192,13512
81095399,13518
80038207,13526
80171598,13527
80160994,13530
80191356,13538
80191357,13538
80097641,7748
80097641,4240
80097349,13551
81055402,13557
80231602,13558
26009364,3229
26009364,13566
80143794,13574
80168227,13576
70026432,13577
80155477,13583
80038420,13587
81035849,1954
80195901,13597
80128245,13602
80993655,13605
80167644,13610
80167644,13611
80027041,13613
80027041,13614
80027041,13615
80027041,13616
81018067,13627
81018067,13627
80220422,13634
80220422,13635
81033473,13645
60024788,13645
60024788,13669
80166185,13671
81035868,9284
81035868,13676
81035877,13680
81131274,13686
81131274,13687
81035876,8861
81035875,13691
81035866,13699
81027187,13703
81035879,1954
81035871,13718
80997770,10483
80997770,13724
80173234,13725
80151644,13735
80151644,13736
80185223,13741
70038131,4721
80108430,13752
70135893,13757
80121844,13763
80158750,13775
80216302,13794
81105525,13802
81105525,13803
80190535,1733
80241071,13810
80233611,13822
80233611,13823
80160814,13828
80993404,3567
81092781,13836
81001090,13837
81092782,10080
81092780,13836
81092783,13843
81136963,13844
80076698,3007
80037691,13884
80998296,13890
80049873,13897
80094358,13898
80174177,1406
80174177,1407
81123051,13900
81034980,13909
81034980,13910
81123052,10240
81113927,13917
80213115,13931
81002885,13941
80991033,10470
80991033,9155
80991033,5035
80991033,8542
80244547,13946
80991025,13951
80991025,13952
80184100,13953
80131280,13956
80187684,13969
80160726,13973
80104706,13975
80172284,13977
80158770,13978
70302844,13980
80245601,13987
80242619,11382
70267830,14024
81035841,13680
81147766,14037
81035889,13174
81088277,477
81035874,8854
80176756,14052
70261178,14059
81002929,5127
80221016,4728
80222188,14072
80221640,14079
80221640,14080
60001104,14100
80176866,14115
80114989,14131
81092768,14139
81092766,14139
70060018,14152
70202141,14159
81032375,14166
81062606,14189
81077795,14195
81092767,14139
81092909,14139
81070008,14204
70098605,14206
20129240,7237
70108017,14217
70011219,14220
80097424,14225
80203143,14230
60026155,14238
80994443,14243
80245442,14248
80190515,14256
80048218,14262
60033300,14264
70011206,14279
80998558,3454
80168167,258
80245626,14290
80196584,14291
80157084,2288
80158580,10551
80108609,14300
80173267,14302
80144804,14303
80139214,652
80106038,14310
60000901,14321
80158769,13978
80158579,10551
80158920,14328
80107736,14331
80148967,14339
70057994,9405
80186862,14352
80156937,9405
80158546,12854
80156936,2288
80121843,14384
80158581,10551
60023237,2063
80099305,14417
80103623,14418
80032640,14426
81098589,14430
80221446,14431
80991107,14444
80048977,13616
70189282,14454
80119249,14463
80117747,14481
80004286,14502
80004286,12778
80004286,5494
81039323,14503
81039323,14504
80192064,7748
80192064,4240
80176715,14514
80168029,14516
80245121,14519
80177339,14528
80170277,14530
80097355,2004
80223153,14548
80223153,14549
70122316,9812
80102160,5098
80076160,1258
80099089,14573
70303706,8564
80195243,14576
81039161,14588
80240537,14595
80997870,14598
80997870,14599
60001377,1183
81151899,14621
81030976,14626
81017011,14629
80213715,6121
80999990,14637
80999991,14637
81000000,1444
80162192,14652
70074100,14159
70250364,6121
80198632,14668
70143241,14673
70278933,14430
80093198,14690
81018141,14693
81015524,14693
70124965,14701
80992365,14707
80092926,14718
80195835,14719
80171022,14721
80192135,7748
80192135,4240
80236421,14731
80170862,14742
81092331,14749
81028404,11331
80198508,14769
80228239,14777
81032669,14786
80155932,14788
80994020,14794
80049094,4767
80049177,14800
80025495,836
80023689,14810
70278930,806
80038337,14821
80038337,14822
80053475,14824
80999986,14828
80022605,14838
80029901,14843
80037478,14849
80007777,14860
80999987,14864
81000015,1444
80999982,1444
80999984,1444
81005453,6141
80999989,14637
70218312,14891
81006594,14898
70298116,14900
80117542,14908
80117542,14909
80213658,7193
80232989,14910
80014857,5306
80147988,14918
80145512,14919
80225024,7848
80204616,14937
70108777,3221
80017021,12172
70099615,3235
70099615,14959
70034607,10602
70118801,14975
80213654,2494
80158802,3567
80158802,341
70117354,6435
70025372,14999
70025372,15000
70123160,15007
70299270,15014
80017280,15017
80155863,8323
80107087,15031
81035840,15039
81035840,15040
80195962,15049
80186829,15065
80013547,14838
80115874,15079
80244472,13053
80190463,15108
80164164,15115
80997613,15125
81092325,15129
70301275,3368
80073823,15163
70299859,258
80027378,15180
70266679,8282
1005494,7168
80998968,15202
80232891,15211
80180376,15212
80180376,9664
80183329,15214
80192842,15216
80154884,15218
81113926,12036
80217130,15231
80167460,15235
80028208,15242
80028208,15243
81155782,15244
81151313,15260
81151313,15261
70042688,15262
70109429,15267
70109429,15268
81011993,15297
81153373,15318
70262783,15328
70293661,15331
70266171,15335
80095718,15344
70257413,15346
80988262,15350
70295189,15360
80993684,15366
70257860,15368
80998908,15375
70171835,12062
80993650,15379
80049979,15384
70267439,14849
70293812,15391
80113589,15400
70298393,15408
80191557,15411
80096585,15420
80096585,15421
80096585,5306
80096585,8037
80096585,15422
80096585,15423
80106928,15432
80064459,15439
80102204,9275
80014996,15445
60003082,15453
80081277,15465
80149064,12287
80168188,15477
80171659,15478
80097221,15482
70306646,15491
81011936,15492
80214743,15506
70270773,5124
70270773,5125
80991827,15508
70300666,15516
70300666,15517
80044126,2494
80148179,15519
70301023,2494
80221109,494
81145271,15528
81044248,15540
80221677,15565
70084221,15570
80234791,15576
80120200,15577
81036520,15588
80180224,15589
70299904,15597
70299904,15598
80171125,15600
80106989,15608
80044731,15615
60010069,4728
70084148,15627
70101345,15636
80238020,9561
70128697,15639
60035622,15645
80117079,15654
70001958,4728
70066433,4464
81121172,15676
81121173,15678
81121174,15679
81121175,15680
81121176,15681
81121177,15682
81121178,15678
81121179,15683
81121180,15685
81121181,15686
81121181,15687
81121183,15688
81121184,15688
81121186,15689
81121187,15690
81121188,15691
81121189,15692
81121189,15693
70265211,15694
70109689,11211
855084,1847
70105369,15711
60029369,15738
80005738,15754
80005738,15755
60000415,4750
70112731,4779
81130297,15775
60033320,15784
60020745,15803
18907685,4728
81113468,15813
81017506,15818
70114342,15819
70114342,15820
70021661,3542
70084795,15828
60027701,15836
70021654,3017
81077862,9697
70001777,4728
70055855,15862
70295560,13333
70295560,7661
60036112,5147
80994424,15874
80997402,15883
80994423,15891
80236278,15894
80217136,15895
80115118,15896
80180851,15900
80994573,15911
70057519,15917
80994425,15926
60029032,158
81002211,15936
80994419,15948
80994574,15954
70125939,15958
70205125,15967
70034610,15972
80222256,15983
80206917,15986
80176064,15344
80176064,15992
80176064,15993
80994421,15994
70098332,16001
80236280,10506
80217135,15895
80996349,16017
80217120,16022
80217120,16023
80993648,16024
70306701,16028
80178940,16038
80158301,16044
70290905,15350
80167699,16062
80158390,12854
80184770,16078
80191358,13538
80107948,353
80094964,16097
80158481,16104
70299811,16110
20257393,12854
80093106,16124
80171528,16131
80187467,16135
80187323,16146
80157132,2288
80093104,16155
80114498,16175
80114498,16176
80106979,2526
80053140,16178
80105672,16191
80114700,16195
80114700,16196
80106139,16198
80108386,16201
80108386,16202
80108386,16203
80108386,3215
80108386,16204
80108386,2004
80108386,16205
80108386,16206
80108386,16207
80085300,16210
81167492,16225
80198623,15212
80198623,9664
81062853,16226
80220814,14321
81046962,14321
80150242,16230
80233024,16236
1193180,16239
70251894,8831
80077923,3567
80173542,16247
80233408,13003
81005561,16265
81005561,16266
81045052,16271
80079428,16280
80096786,16282
80200744,16292
80097725,16294
80128657,16300
70295415,16301
81037970,16306
81037984,16308
81037986,16315
81037985,16316
80153895,16321
70026431,16327
80020885,11317
80002667,390
80174974,16336
80213400,16338
80213400,16339
80213400,16340
80213400,16341
80213400,16342
80213400,16343
80213400,16344
80213400,16345
80213400,16346
80213400,16347
80038358,16362
80998427,16382
81000860,16389
81030789,16193
80134893,16403
81047683,16410
81049950,16422
80188596,16428
81016360,16434
70307659,6987
80224476,16438
80133549,3567
81035398,16443
70113347,16449
80097389,16456
80097389,16457
80221639,16466
70099120,16470
81024718,5214
21028726,16483
80019930,417
80019930,16484
81006825,16497
81213891,3452
498716,16505
80220085,16514
80244855,16526
80134966,7627
80220813,15262
81048561,16531
80237903,1188
81026705,16539
80122209,14418
80109193,16552
80109193,16553
80208468,3798
80168198,16560
80117940,16561
81047898,16568
81047900,11317
81047899,16579
81047901,11317
81047901,16582
70261978,4442
80099016,16585
60024962,16239
81031181,2775
80107084,751
80196589,16606
80125818,16609
80125818,16610
80192138,7748
80192138,4240
80239629,16614
80239629,16615
80180171,16623
81023638,2356
80190283,16640
80148920,16645
80233925,16654
81021098,16656
81021098,16657
80194737,16664
80192062,7748
80192062,4240
80193614,16681
80117453,6121
70296733,16685
81026192,16687
70109891,16698
80003479,16702
80163053,16706
80208684,13741
80124680,16711
80175405,16712
80214777,15506
80079427,7748
80079427,4240
80100936,6877
80192420,16744
771476,3542
771476,3546
80213401,16754
80198056,16755
80208083,16758
80208083,16759
80045818,16760
80195429,16606
80198661,14920
80198661,16771
80119375,16780
70271454,16783
81035279,7282
80134721,16792
81038976,16803
80988257,4041
81023713,16805
80174219,16814
80133139,16830
81127902,13271
80191988,7748
80191988,4240
80180373,15212
80180373,9664
80117452,6031
80152003,16851
70268449,14909
81147285,16882
70120142,16892
70142824,16902
81235729,16906
80057599,16916
81093113,16920
80049358,4932
70141971,16931
70141971,16932
70114021,7347
70114021,7346
70275751,16948
70098902,16952
80118718,16959
60022265,3017
81026003,16967
80997602,16974
80169611,16984
81127333,17000
60000878,17007
81000864,17013
81045085,17020
81050190,17028
80028965,17045
81050191,17051
81000511,17066
80218104,17075
80997719,17076
80997719,17077
81044856,477
81044857,477
80154682,17090
80158543,2354
80158543,2288
80216543,17098
80223136,17099
80189955,17106
80195807,17114
80228321,17117
80228321,16226
80156940,2154
80222177,17123
80224233,17131
80168300,17141
80228282,17144
70114977,17151
80105342,14195
80119140,17160
70285683,17161
80141338,17169
80015154,17180
80106440,17187
80128690,13828
80141337,17198
70118799,3007
70137753,3007
81060049,17213
81060049,17214
81221851,17219
81009823,17228
70298946,17236
80144144,17238
80106504,17241
80141335,17248
80115030,1800
70291114,1903
80137087,17280
80096955,17281
81173792,17287
81113919,5584
70065107,17293
80990532,17297
80108149,17304
70120182,17314
70120182,17315
80173395,17318
80226236,17322
80187307,3567
80098203,17323
81221873,17337
81036539,17342
80191048,17348
80245041,17352
80202273,17354
80170870,17357
81183491,10474
70253597,722
70199239,17394
484369,4860
80109128,17454
80187188,17459
80117811,17461
70084788,17464
60036237,17471
80014637,4474
60000407,8173
70202138,17487
70308046,11477
80108158,17533
60024942,6927
60000891,17544
70021648,17551
1151188,5306
374651,17563
70124183,14838
60026106,17579
60026106,17580
70041162,10797
70082268,17590
70019004,17597
70128701,17606
1151721,17611
60029363,614
80032636,17621
60002003,17627
81103093,15297
60000393,5413
70042687,5413
523650,17657
70104894,17663
70100448,17678
81088083,5035
81088083,8542
81088083,9155
81088083,10470
11819467,14152
70065096,10913
70000091,17697
70019506,4822
70150473,10945
70131314,17706
70284281,8008
81084305,1655
70112732,17722
60021790,17725
60031236,3221
60032563,3221
673843,17739
673843,17740
1180086,17746
281550,17749
70125232,17756
81211681,6024
81217437,8595
60000480,5964
70021634,17464
70112500,17792
786137,17798
60034568,14238
80197991,17805
70125581,17811
846071,1912
81085364,17821
80095807,17843
70121008,17853
70260512,17869
80135276,17873
60035996,1912
60000409,17883
60022396,8793
28631029,15828
60022058,15828
70077544,17551
60023856,17905
1029730,17914
60029154,3353
70021631,17928
404067,15836
70020296,8238
70021652,17946
70061763,17951
70105370,10699
70105370,17961
60004484,17964
60004483,17964
5670479,17968
60001808,8397
60001807,8397
793907,15738
60001854,2348
20159719,17986
60024914,17993
60000209,18001
60033108,18004
1064058,18015
60021377,18020
60033107,18015
1067876,18039
70117902,7000
60001396,18048
22007250,3570
60020949,18055
60011597,11068
70100379,15262
70209245,18071
70045863,18077
80999981,18085
60022056,18092
80016588,6104
70011207,18099
60027689,11211
80108616,5848
70084799,6927
60010487,6927
60011649,6927
60010488,6927
60004476,5306
70299748,1793
80214621,18144
70117299,18152
16944044,18155
81045060,18162
60031284,17611
70256512,2494
70058019,18167
81046846,18172
880640,3221
81052279,18177
60026139,1619
70101375,18192
408911,4687
70307648,18209
70174741,18217
60023619,614
70023960,4464
80201623,18224
80202086,18229
80190844,18234
80201626,11958
80201626,11959
80195653,18240
80084756,18246
70117122,11958
70117122,11959
80197427,18251
80192627,9633
80084454,12881
80196217,18270
80167491,18278
80167491,18279
80206907,18290
80202905,18295
80201810,18224
80197301,18318
80217436,3495
70128225,18330
80020131,2711
80020131,12778
70286028,14502
80020036,18334
70301472,417
70286029,14502
70286029,12772
80196138,18337
80196138,18338
80138615,18339
80131236,18341
70116578,18348
80202908,18351
80184135,11420
80139199,18360
80208830,845
80201813,18372
80155790,18381
1065372,18384
80159566,18388
80201815,7502
80217857,18392
70114043,11973
80158376,18403
80154688,18407
70060010,18415
80011026,6614
80117742,18427
80147318,18434
80144141,18445
80144141,18446
80144141,18447
80118002,18448
80036832,7229
80092837,18596
80092837,18597
70242899,18628
80131616,18635
80174367,18650
80174367,18651
80217312,18653
80209006,18658
80117531,18668
80991400,3768
81059388,16466
80231156,18682
81029383,18691
80178280,5542
80119555,18719
70302836,18725
70302836,18726
81034763,18735
80151370,894
80151370,6875
81010962,18757
80094258,18762
80159028,7627
80201570,18767
80225034,7281
80216779,12617
80201497,18802
80134431,18804
80198745,18809
80168052,18812
80168052,18813
80038446,18814
80059410,7627
70252885,15445
80157760,18824
80065220,18831
80065220,18832
80124726,7748
80124726,4240
70301279,18841
81002591,18843
81002591,18844
80123777,18850
80123777,18851
80109296,18854
81017530,18862
80190130,6963
80226357,18866
80061160,18867
80133550,6451
80133550,2378
80103313,18869
80092925,12143
81045072,18896
81010873,12143
81010866,12143
80175332,12143
80011541,12143
80065327,17342
70127628,12143
80050106,10823
80134779,6121
80159955,18943
80013282,17090
70167133,18948
70039645,15930
80214583,18950
80213299,18957
80213299,18958
80213299,18959
80213299,18960
80213299,18961
80213299,18962
80214579,18966
80170119,18975
80119235,18976
80039717,18985
80016401,18989
70278931,459
80109295,16974
80071048,19021
80002073,19034
80002073,2295
80021983,19034
80002074,19034
80100937,462
80023667,16403
80191608,19055
80119233,17792
80100261,19080
80097376,19090
80097376,19091
80992973,2526
81026327,19093
80224060,19096
81027190,19097
81071868,1340
70292939,2794
80057509,19111
70202577,10483
80013283,10483
80118004,19134
80003151,19136
80003152,19137
80012477,19138
80003153,19139
70296573,19139
80236133,19140
81069254,9954
80223050,19148
70251896,6927
80198735,19159
70166234,19167
60031404,19168
80108610,19169
80217121,19170
81060040,19179
81005266,19187
81063743,19193
80217826,16606
80177414,19215
80226233,19226
81024494,19233
70176656,4779
80223123,19243
80214581,19244
80223731,19250
80211728,19259
80121386,19055
80158772,19276
80149259,19285
80149259,19286
80209153,19323
80222025,19328
80161850,19330
80107808,19334
80123910,8525
80103428,8525
80113673,10146
80013271,4196
81004511,19355
80989337,19356
80191555,19360
80184625,19367
80106438,19373
70295085,4338
70295085,5495
80159877,19379
81043345,3137
80208091,19392
81052266,19394
81067757,19398
80095232,7750
81067758,19415
70002291,10540
81067759,10435
80045203,19429
81043346,960
81045069,19445
80216820,19447
81026667,19453
81026667,19454
70056686,19464
81067761,19470
80992672,19478
81050194,19484
81043343,19496
80988834,19498
80144372,19510
80201612,19512
80202087,10240
80201816,18351
80201816,19518
80201605,19521
80201609,10582
70116577,19528
70121660,7527
80201622,18224
80201817,19521
80082749,19540
80065214,19544
80152155,19554
70137744,19566
70137744,19567
80167461,9738
80157565,19577
80007215,19584
81071972,19585
80167498,13333
80227304,5273
80134968,19595
80046696,19607
70118368,4271
80168084,19624
80168084,19625
81074663,19626
81012294,19627
81012294,19628
81012294,19629
81012294,19630
81012294,19631
80013293,19635
80241304,19641
80147513,19650
80103818,10699
80106791,19670
80106791,19671
80174429,9275
80174429,19672
81037273,19677
81037273,19678
81037273,19679
81037273,19680
60022998,19681
60022998,15015
60003378,18209
70132722,19715
81045891,19718
81045891,19719
81059656,19722
80080618,19734
80994282,19736
80220013,19738
80065492,19746
81050118,5364
81050118,19748
80220228,19756
70101697,5276
80106984,19635
80208661,19797
81063480,19804
80199689,19807
81063084,19809
81059649,19810
81059649,19811
81059812,19815
70045919,13616
80141928,19824
80198055,19825
80195654,19835
80170992,19839
80163352,19850
70251218,19855
80217040,15895
80172958,2949
80171291,17999
80234290,15755
80234290,19863
80168231,19867
80005332,19868
80060060,19871
80091866,19879
80124947,19880
80017528,19881
80095530,16024
80093105,19885
80134682,4710
80154179,19889
80156767,19892
80156767,19893
60036691,19904
80161851,19905
80161851,19906
80161851,19907
80152745,3217
80167843,19908
70306702,19912
81004748,19925
80225595,19928
80160347,4443
80098200,19943
80081410,11023
80081410,725
80081410,724
70117322,19951
81033201,19959
81033201,19960
70253594,19967
70266069,2512
70035037,1273
81016342,6197
81016342,1300
70152959,18943
70144331,19980
80157086,2288
70089214,19989
60020906,5102
70129396,20004
70129396,20005
80156938,2354
80156938,2288
70087087,172
80156405,20011
80103392,17869
80098288,20025
70103762,20027
80223271,15065
81016408,20035
80201490,20053
81001412,20060
80993105,294
80195198,20064
80191044,20069
80999067,2710
81003741,16022
70063484,20075
81172740,20084
81172756,20089
80223779,3340
81068687,20098
81172758,20101
80213588,9921
80213588,20121
70120340,20122
80126997,3579
81172868,3579
81002594,5939
80185876,20162
80117746,19096
80142615,20168
80115673,20171
80105691,20172
81029841,6156
80244190,20199
80211229,20203
80187435,2494
80104103,20207
80004478,3567
81188871,20212
80211590,20234
80187306,321
80117080,20247
80042368,16783
60034116,3400
70211474,8555
81177444,20259
81213876,20263
70056728,20271
81161834,20276
247747,20280
70064205,20283
80083672,20286
60003405,20289
70053010,20295
81038225,20297
70005055,20303
60029461,20305
81213893,9761
372195,15362
20255593,20289
70059328,20323
81213888,12699
60024927,4464
20255837,20331
70006866,20336
20077944,9800
20705133,20341
21028086,20289
22040803,17968
70054380,19879
60020236,20349
20765027,20351
81109078,20354
81213885,20360
70129075,4020
60001407,20364
70295531,20368
17457622,9761
20712279,3449
70051840,20370
81213895,20289
81221913,20376
70040912,9761
81213979,20380
70018445,9761
81213897,20351
81213882,20385
81213896,20398
60003097,20303
81213887,20405
896678,20407
81217436,20413
81221914,20416
70072558,20417
60002818,20303
60001404,20398
81213879,20430
81213898,4090
28371873,20440
17016471,20442
70065255,4020
60021548,8595
81217438,20448
81213873,20453
81213874,20456
81045989,18217
70059483,20472
80108207,20472
70043231,20473
70043231,20474
81026251,11484
81031650,20484
81006261,4131
81045509,20492
70298389,20493
81045530,20493
81045511,2494
70266169,20496
80190585,14204
80210716,20501
80210716,20502
80230402,2518
80230465,12698
80230465,12697
80144691,20508
80168234,20509
80221778,20511
80184972,20513
80208084,20531
80208084,20532
80208212,20554
80218432,20556
80115134,20563
80098284,7337
80220761,20572
80022613,20577
80163263,5452
80221271,9561
81167490,20594
80044536,20606
70213471,20617
70132228,20644
70132228,20645
80194671,20651
70253398,20665
81043135,20675
80185375,20688
80097519,20694
81024730,20705
80151663,20709
80995577,5258
80244708,20719
80136332,20722
80136332,20723
80082739,20724
81228864,20725
81094074,20736
81044813,20745
81172726,6312
81029400,20753
80141781,20758
70253590,20763
81150338,20779
80013773,20792
80098103,6785
80182473,11152
80214478,2494
80182034,20809
80182034,20810
80083594,20843
81164603,20845
81000505,20855
81000505,20856
81045499,20863
81037697,20873
81037697,20874
80208235,20880
80219127,20884
80219127,20885
80052828,20890
80190840,20894
80145086,20901
80145086,20902
80244123,20903
81104634,7654
80171023,15014
80107989,15570
80168161,15491
80158649,20942
80136548,20948
80136548,20949
80097363,2966
80989338,20961
80131551,20967
80119234,6557
80229953,8601
81108479,20980
81172830,20991
80196789,21005
80109551,21030
81019341,21039
80223098,21055
80132411,21060
80092839,21061
80092835,21061
81172911,3579
80126996,3579
80174451,17579
81001097,21094
70270949,21098
81036532,21115
81036535,21119
81036533,21125
80232740,21133
80107030,21146
80163222,21151
80142140,21159
80117628,1188
60030245,21166
70271592,21171
80046144,21177
80046145,21177
81036338,21202
80058480,21209
80206847,15972
80164930,21216
80115102,21226
80098467,21235
80098491,5306
80244681,21242
81018239,21244
80205978,21248
80189806,21250
80155902,21255
80206057,21248
80105358,21270
81031373,21279
80166467,21285
80166467,9493
80175314,21292
80039655,21297
80023921,4499
80023921,21298
81070659,21305
81045765,21307
81018634,20297
80039602,21317
80090672,21320
80012535,21321
80012535,5190
70137790,21322
81048551,21326
81048551,21327
81048551,21328
81048551,21329
81048551,21330
80058477,13757
81000861,21340
81039381,21341
80026431,21346
80026431,21347
80013772,21348
80013474,6277
70184051,11830
80232329,21354
80000644,21355
80145625,21360
80144803,21374
80136440,4722
80127459,21385
80101609,21391
80125782,21392
80074933,21394
81213155,21404
60021525,3918
80057585,10470
70059026,3918
70224999,3918
70181734,18943
80205232,6678
81135444,9316
70254352,21424
81213153,21427
81213148,21429
70134537,21432
70001237,3918
70114467,10470
81213149,21435
70110883,8499
60004509,21442
60004509,21443
60004509,21444
70262614,21424
60022041,21450
81213152,21455
70202336,10470
81025946,21457
81034633,20493
81034635,20493
80188902,21475
81045054,21483
70117674,21488
80104116,21511
80197310,21514
80220783,18896
80177441,7999
80218586,21525
80210182,21528
80018252,21538
80203788,21539
80227673,21545
80218784,21546
80218783,21549
80223049,21553
80217545,21555
80203784,21556
80203784,21441
80106230,21557
70003680,21572
80216662,21576
80093295,21586
80142450,21604
80139507,21605
80087348,21649
80098810,21652
80093812,21661
80085567,21663
80092409,21670
80240715,2063
80222301,21679
80222301,21680
80104182,21697
81001887,4484
81172757,21711
81172903,3579
81172904,21714
70243446,21718
81210770,21722
81010212,21736
81010212,21737
80158871,6121
80139397,21739
80107019,21743
80107019,21744
80191835,21752
70267802,21754
80124728,7748
80124728,4240
80020772,9415
70290567,21758
81037373,21769
80065754,21771
80995991,6121
80205065,21785
80104420,19096
80039517,10797
81035888,8854
81036542,7627
81001121,21819
80144453,21826
81009829,21831
81009829,21832
81148811,21843
18066997,18217
60023608,17606
1153656,17606
21302357,17606
80011622,21859
81165325,11331
81217746,5214
70023451,3145
80188823,21869
80182479,8681
81217741,21880
60024161,21886
873159,7919
81217747,21894
70229213,21898
81184705,21907
70021640,4779
70044689,4728
80208793,21917
80208793,21918
81217742,21923
81169158,2196
81149202,21925
81002685,21946
70285697,13324
81018536,21957
81018536,21958
81030201,21960
81015153,3276
81030198,13324
80017265,13324
80106306,21981
80135353,21991
80995077,3569
80127645,22009
81030200,22017
81030197,22019
70104313,4894
80166319,22031
80166319,22032
80158854,22037
80158854,2560
80203792,22060
80191930,22068
80191930,22069
70170181,22072
80173001,22083
80171247,22087
80171247,22088
70286808,22098
70135647,7825
70135647,22107
80203787,4082
80173271,22127
80176212,22132
80176212,22133
80113785,22135
80152091,22139
80118982,22145
80104240,3044
907090,22193
80135563,22195
80149282,22197
80154176,22200
80073100,5190
80073100,21321
80066806,22214
80066806,22215
70253397,22216
81156592,22217
81074367,22218
81091977,22222
81091977,22223
80063867,11291
81153372,22235
80245357,22237
80222042,22244
80128691,22245
70183165,6156
80165487,22284
70297144,22284
81087761,22295
80195838,4498
81112446,13464
81088318,22329
80080617,17090
80203996,3279
80203998,3279
80203997,3279
80204117,3279
80204119,3279
80204118,3279
80163368,22332
80184868,22336
80050006,7627
80002621,5127
81145273,13334
81047680,22349
81001278,22350
80165221,22354
81035835,8850
81143771,22359
80138681,22382
80167488,22384
80142222,6435
80156927,22395
80108759,22398
80057578,22399
70303426,22404
80104648,22405
80234491,22413
80234491,22414
80234491,22415
80124724,7748
80124724,4240
80168079,15719
70254350,19879
70033611,13324
80997863,19632
80114719,22450
81034010,22473
81034010,22474
81091381,9316
80209658,22529
81006598,22532
81167494,22554
80999781,1752
70292992,5848
70267834,6777
80193491,22584
80184834,6121
80177776,20271
81016192,19470
81016194,11598
80059505,22601
81009815,22604
80163159,22605
81140577,2518
80108234,22615
80161232,7319
70275600,22629
80097431,3567
80057691,22642
81003736,22648
70293130,9275
60000677,22659
70012316,2235
70304914,22672
80132127,22676
80164392,22677
80122759,22682
80115152,22689
80048569,22696
81036530,22700
80238360,22715
80245450,22728
81008272,11173
81012978,15113
80144145,22732
80224167,1408
80224167,22745
81155858,22749
81147910,22752
81155802,22756
70285728,22761
70274390,22772
80224150,22775
80128689,22127
80185322,6121
80163054,22793
81090071,195
81090071,194
81151880,22798
81151877,22798
81151878,22798
81144912,22805
81016196,22809
80201175,22811
81016191,22814
80134952,22817
80163265,22830
80171742,22834
60021787,4728
81045860,22835
80115686,3400
70242938,22854
81150918,22861
81155803,22863
70139075,5115
70139072,10597
70139072,13671
70267490,1411
80087354,22878
70111162,4020
80099083,8499
60003290,22885
80227672,6138
70303432,5115
70303424,15972
70139071,22894
70219529,20360
70056059,8542
70114589,22899
80104257,5102
70123124,8555
70229043,8372
80087743,15972
70139078,19881
70229041,22916
70187503,3452
70075775,5115
70204316,22922
80234464,22923
80234464,22924
80209558,22931
80209722,22931
80153897,22945
80138469,22951
80118930,22963
80202810,22965
80202810,15211
80201039,22967
70177633,12758
70177633,12759
80146805,22979
80087352,22987
80203147,249
80190984,20297
81092330,23041
80021840,23059
80231419,23064
80235578,23085
80243541,5268
70033644,19632
80039484,23109
70059191,23109
11546798,13324
70026792,11888
80997789,13324
80997867,23123
80039662,23109
80997862,23132
60027334,23136
60027334,19632
80999983,1444
70111922,23144
80997859,23150
70130432,23109
70033579,23155
70100527,1183
80997857,13324
80997793,23168
70299867,11841
81154987,10080
81154987,23182
81122206,23185
81122206,23186
81122206,23187
81122206,23188
81122206,23189
81122206,23190
81004321,11353
80209061,2259
81002212,7527
81002212,23201
81002212,23202
81002212,23203
80176707,23208
80199381,23211
80202176,18427
70123118,5102
80182274,23229
80185166,2494
80068219,2494
70209163,9786
80163191,23246
80184661,1897
80078761,23257
80115844,23259
80114111,1245
70308278,23260
70308278,19824
81147274,23267
80136450,23272
80039439,14230
80044804,3567
81147278,23286
81146011,3217
81135868,23298
80162142,23299
80175483,8223
80100772,23303
80142058,23064
70044256,22922
70113636,711
70237054,3567
70301469,2494
81005454,23344
80995575,5258
80223371,17611
80175147,23352
80239831,23355
80105356,23357
70296443,23358
80168033,23364
80160346,7999
70121522,166
80124099,23369
70119812,23378
60032685,23381
70006816,21341
70236587,23384
520489,17611
70266677,23392
60010514,3221
70301367,8299
70301367,8298
80014727,23402
81050688,23404
80081505,23411
60022700,7013
916043,23422
60010836,23422
916061,23422
70039168,4833
81103092,15297
60031278,23447
60001363,1793
60026477,23456
80094096,10608
81085824,23462
1171655,23470
80993489,23479
80993489,23480
70033643,19632
70233317,23483
80997858,19632
80238607,19243
80039485,14999
80998560,23504
70043379,23508
80232892,23510
80998562,23513
70124268,19046
80998563,23522
80997864,23531
80035685,7382
70142792,16428
81002214,23537
80998568,23547
80998565,23552
80998566,23557
81001379,20493
81001381,23563
81001382,23563
81001383,20493
80998567,23565
81002215,9922
70105338,23569
81014824,23578
80041339,17281
70105371,3768
60022962,8789
81002213,13518
80190147,23615
80190149,23620
80195886,23629
80190148,23630
80147321,23637
70248183,8298
70248183,8299
70248183,23652
80185723,23653
80151962,23662
80190146,23673
80179433,23693
80114501,23694
80187107,15350
80167646,23711
80080106,23720
80080106,23721
80080106,23722
80185861,23727
80185722,23729
80081374,23730
80109260,23745
80109260,23746
80106144,23748
80107987,20942
80104552,23749
80108147,23751
80108996,23752
80109248,23768
70222860,17739
70222860,23776
70222860,11211
70222860,3034
70222860,3331
70222860,23777
70222860,5310
70222860,23778
70222860,8104
70222860,4436
70222860,23779
81026677,23784
80202076,23792
80094357,23795
81074135,12555
80160972,17805
80169549,12047
80091879,390
81091424,23816
80208951,23819
80118918,23822
80118918,23823
80105690,494
80134527,23825
80989339,23827
70295170,2966
80096984,23844
80222823,23847
80209895,23849
80189646,2526
80226962,16063
80191990,7748
80191990,4240
80098839,23870
80232502,23877
81088786,23884
81091423,23816
81083880,23898
80224218,23911
81034317,1227
80231064,2550
80227115,12360
80227113,2545
80227116,1536
80227114,960
80194610,23962
80038443,2545
80231065,2550
80161109,1245
81029737,23155
80227677,6121
81092327,24007
80231066,24013
80175333,24027
80198419,24030
70130142,24037
81026008,9316
81062674,477
81062674,16308
80217689,24047
80235025,4643
80164904,24049
81015498,24050
80157889,24054
81094082,24058
80048940,10699
80044093,24062
80044562,24065
80142316,24066
80128715,2348
80164212,24073
80096782,24079
80174282,24082
80164864,24083
80162993,24084
80149821,24104
80183328,24105
81035872,24118
81035865,24122
70260989,24130
70260989,24131
80992501,9316
81076251,2545
81093925,24143
80191049,20069
70126573,15803
70242568,24150
80217772,24157
80164088,24159
80081278,24161
81035869,13699
81066244,24168
80991404,18668
81035862,8850
81094665,18290
81035878,13199
80174683,3221
70103759,17464
80182411,24190
80182411,24191
80205442,24195
80205442,24196
80205442,24197
80226424,11708
80158042,24202
80117684,24203
80106337,24208
80106337,24209
80133552,6121
80052683,24216
80158976,15711
80238655,24225
80995078,3569
80003150,19138
70296578,19136
70296574,19137
70309257,19139
70309257,24235
80012520,24236
80061161,24237
70219642,4442
81030755,24238
81030755,24239
80115676,9330
80115676,9331
80115676,887
80118916,24241
80146759,24244
81073387,24249
80207606,24260
80192186,24264
80216834,24271
80174436,14417
80174436,24272
80174097,15297
80174687,5124
80015799,9086
80036657,24300
80036657,24301
81037733,24303
81010166,24308
80112518,24310
81033430,24319
81035851,8854
81088285,10483
81088285,24344
80187301,24348
80215782,19632
80215782,24368
80172000,23298
80169778,23298
81035844,13187
81035860,9284
80097516,24388
80164465,20863
80117484,2494
80017099,17902
81043542,24403
81026329,24413
81006826,13061
81013626,15843
80029368,13462
70222859,24432
70222859,24433
70261674,24440
70045274,24442
81034599,24443
81090128,24448
81090128,24449
70114022,15015
80180225,24457
81088700,3400
70043149,16207
81018181,3217
70040077,10540
60031998,13464
60036103,24475
81086641,24476
70027133,6231
81086640,24483
81009808,24492
80189853,24496
70059700,24499
70142918,20863
80992231,24505
80081790,24506
80015280,20758
80141253,20758
80141254,20758
80160081,24541
80168301,817
80064273,24549
80064273,24550
80058247,22604
80058247,24560
80058247,24561
70302184,2966
81060043,24562
81024557,24567
70124562,24576
80156683,24580
80126569,9370
80171982,24585
80035467,24592
80156856,24593
81018120,22529
80152625,24615
80175421,24619
80108518,10473
80172002,24629
81019144,24633
81043540,24403
81043541,24403
80170483,24646
81019888,24656
80133153,24660
80149145,21572
80164207,24667
81044884,24675
81044884,24676
81044884,24677
81044884,24678
80106743,5124
81087095,24683
81026007,9316
80158875,21250
80142474,24692
81086434,24703
81088282,24717
70167072,24719
70058016,7919
70077557,7807
80233085,24725
81088283,24728
80141156,24729
70077546,24736
70063591,24743
70110558,18155
60020916,4779
60029178,4779
80103336,24754
80207445,20283
80209751,24762
80063773,24767
80063773,24768
81088284,24773
80987611,10607
70060380,24788
80202808,24790
60010082,24793
60033788,24802
60033788,6585
60033786,24804
60033787,24804
60022255,6585
60022254,24816
70020048,24816
284890,9800
80103383,7919
60033223,9922
80196139,24859
80148180,24860
607931,24861
80225907,24870
70298251,2526
60002111,9922
80190215,24880
70000196,19881
80245519,24887
80245329,24889
70083535,19881
70039405,20343
60000722,5147
80245518,24900
80124313,12881
60036359,6927
80049281,24911
70084328,24914
70099610,13246
80217041,24926
80156408,24927
80172938,24949
80131414,24950
80144890,24957
80106786,24962
80115101,24969
80141261,24972
80158482,24974
80081955,24986
80164112,24990
70302835,24996
80125512,25003
70129457,25008
70205014,25013
80158479,25026
80104318,25031
80100054,25032
80097468,25036
80097468,25037
80171439,25038
80104237,25039
80093107,25046
80085438,16851
80085439,16851
80011846,25058
80064521,3217
70197049,25089
70197049,25090
70197049,25091
70197049,25092
70197049,25093
70197049,25094
80020542,25112
70205012,25264
80108561,25309
70242310,7318
80175619,25803
80144355,25832
80208115,25882
70143825,25908
80066080,25923
80065386,25935
80133311,25923
80027042,25981
80018046,25988
70242081,26002
70143864,17946
70245163,26035
80023644,26109
80179201,26138
80207879,26245
80007778,10998
80062047,26453
80103318,2330
80201773,26542
80171362,1092
70180293,26770
70204981,26883
80080436,1404
70142436,27214
80176929,27306
80176929,27307
80063224,27337
80164216,21151
80115328,5268
80115328,5035
80176842,27306
80126599,27632
81145628,27689
81145628,10002
80125979,27695
70304989,27703
80164077,27706
80164077,27707
70299204,21511
80182483,5
80182483,0
80182596,5
80182596,0
80182482,0
